"filename","true_label","true_index","pred_label","pred_index","correct"
"0000_ragno.jpeg","ragno","8","ragno","8","pass"
"0001_cane.jpeg","cane","0","cane","0","pass"
"0002_cane.jpeg","cane","0","cane","0","pass"
"0003_ragno.jpeg","ragno","8","ragno","8","pass"
"0004_farfalla.jpeg","farfalla","3","elefante","2","fail"
"0005_elefante.jpeg","elefante","2","elefante","2","pass"
"0006_cavallo.jpeg","cavallo","1","cavallo","1","pass"
"0007_cane.jpeg","cane","0","cane","0","pass"
"0008_ragno.jpeg","ragno","8","ragno","8","pass"
"0009_cane.jpeg","cane","0","cane","0","pass"
"0010_ragno.jpeg","ragno","8","ragno","8","pass"
"0011_ragno.jpeg","ragno","8","ragno","8","pass"
"0012_pecora.jpeg","pecora","7","pecora","7","pass"
"0013_cane.jpeg","cane","0","cane","0","pass"
"0014_pecora.jpg","pecora","7","pecora","7","pass"
"0015_gallina.jpeg","gallina","4","gallina","4","pass"
"0016_cane.jpeg","cane","0","cane","0","pass"
"0017_cane.jpeg","cane","0","cane","0","pass"
"0018_cane.jpeg","cane","0","cane","0","pass"
"0019_cavallo.jpeg","cavallo","1","cavallo","1","pass"
"0020_elefante.jpeg","elefante","2","elefante","2","pass"
"0021_mucca.jpeg","mucca","6","elefante","2","fail"
"0022_ragno.jpeg","ragno","8","ragno","8","pass"
"0023_cane.jpeg","cane","0","cane","0","pass"
"0024_pecora.jpeg","pecora","7","pecora","7","pass"
"0025_cavallo.jpeg","cavallo","1","cane","0","fail"
"0026_ragno.jpeg","ragno","8","ragno","8","pass"
"0027_ragno.jpg","ragno","8","ragno","8","pass"
"0028_ragno.jpeg","ragno","8","ragno","8","pass"
"0029_pecora.jpeg","pecora","7","pecora","7","pass"
"0030_gallina.jpeg","gallina","4","farfalla","3","fail"
"0031_cavallo.jpeg","cavallo","1","cavallo","1","pass"
"0032_gatto.jpeg","gatto","5","gatto","5","pass"
"0033_pecora.jpeg","pecora","7","pecora","7","pass"
"0034_farfalla.jpeg","farfalla","3","farfalla","3","pass"
"0035_cane.jpeg","cane","0","cane","0","pass"
"0036_scoiattolo.jpeg","scoiattolo","9","ragno","8","fail"
"0037_cavallo.jpeg","cavallo","1","gallina","4","fail"
"0038_ragno.jpeg","ragno","8","ragno","8","pass"
"0039_gallina.jpeg","gallina","4","gallina","4","pass"
"0040_gallina.jpeg","gallina","4","gallina","4","pass"
"0041_farfalla.jpeg","farfalla","3","farfalla","3","pass"
"0042_cavallo.jpeg","cavallo","1","cavallo","1","pass"
"0043_cavallo.jpeg","cavallo","1","cavallo","1","pass"
"0044_scoiattolo.jpeg","scoiattolo","9","scoiattolo","9","pass"
"0045_farfalla.jpeg","farfalla","3","farfalla","3","pass"
"0046_cane.jpeg","cane","0","cane","0","pass"
"0047_cane.jpeg","cane","0","cane","0","pass"
"0048_gallina.jpeg","gallina","4","ragno","8","fail"
"0049_cane.jpeg","cane","0","cane","0","pass"
"0050_gallina.jpeg","gallina","4","gallina","4","pass"
"0051_gallina.jpeg","gallina","4","gallina","4","pass"
"0052_ragno.jpeg","ragno","8","ragno","8","pass"
"0053_elefante.jpeg","elefante","2","elefante","2","pass"
"0054_cane.jpeg","cane","0","cane","0","pass"
"0055_ragno.jpeg","ragno","8","ragno","8","pass"
"0056_gatto.jpeg","gatto","5","gatto","5","pass"
"0057_mucca.jpeg","mucca","6","mucca","6","pass"
"0058_cane.jpeg","cane","0","cane","0","pass"
"0059_gallina.jpeg","gallina","4","gallina","4","pass"
"0060_cane.jpeg","cane","0","cane","0","pass"
"0061_pecora.jpeg","pecora","7","cavallo","1","fail"
"0062_farfalla.jpeg","farfalla","3","farfalla","3","pass"
"0063_ragno.jpeg","ragno","8","ragno","8","pass"
"0064_ragno.jpeg","ragno","8","ragno","8","pass"
"0065_gallina.jpeg","gallina","4","gallina","4","pass"
"0066_pecora.jpeg","pecora","7","mucca","6","fail"
"0067_cavallo.jpeg","cavallo","1","cavallo","1","pass"
"0068_ragno.jpeg","ragno","8","ragno","8","pass"
"0069_cane.jpeg","cane","0","cane","0","pass"
"0070_cane.jpeg","cane","0","cane","0","pass"
"0071_ragno.jpeg","ragno","8","ragno","8","pass"
"0072_cavallo.jpeg","cavallo","1","cavallo","1","pass"
"0073_scoiattolo.jpeg","scoiattolo","9","scoiattolo","9","pass"
"0074_farfalla.jpeg","farfalla","3","farfalla","3","pass"
"0075_cane.jpeg","cane","0","ragno","8","fail"
"0076_elefante.jpeg","elefante","2","elefante","2","pass"
"0077_cane.jpeg","cane","0","cane","0","pass"
"0078_gallina.jpeg","gallina","4","gallina","4","pass"
"0079_farfalla.jpeg","farfalla","3","farfalla","3","pass"
"0080_gatto.jpeg","gatto","5","gatto","5","pass"
"0081_ragno.jpg","ragno","8","ragno","8","pass"
"0082_gallina.jpeg","gallina","4","gallina","4","pass"
"0083_cavallo.jpeg","cavallo","1","cavallo","1","pass"
"0084_gallina.jpeg","gallina","4","gallina","4","pass"
"0085_gallina.jpeg","gallina","4","gallina","4","pass"
"0086_cavallo.jpeg","cavallo","1","cavallo","1","pass"
"0087_ragno.jpeg","ragno","8","ragno","8","pass"
"0088_elefante.jpeg","elefante","2","elefante","2","pass"
"0089_ragno.jpeg","ragno","8","ragno","8","pass"
"0090_ragno.jpeg","ragno","8","ragno","8","pass"
"0091_ragno.jpeg","ragno","8","ragno","8","pass"
"0092_cane.jpeg","cane","0","cavallo","1","fail"
"0093_ragno.jpeg","ragno","8","ragno","8","pass"
"0094_ragno.jpg","ragno","8","ragno","8","pass"
"0095_cavallo.jpeg","cavallo","1","mucca","6","fail"
"0096_mucca.jpeg","mucca","6","mucca","6","pass"
"0097_ragno.jpeg","ragno","8","ragno","8","pass"
"0098_elefante.jpeg","elefante","2","cane","0","fail"
"0099_cavallo.jpeg","cavallo","1","cavallo","1","pass"
"0100_gatto.jpeg","gatto","5","gatto","5","pass"
"0101_gallina.jpeg","gallina","4","gallina","4","pass"
"0102_elefante.jpeg","elefante","2","elefante","2","pass"
"0103_ragno.jpeg","ragno","8","ragno","8","pass"
"0104_ragno.jpeg","ragno","8","ragno","8","pass"
"0105_pecora.jpg","pecora","7","scoiattolo","9","fail"
"0106_cavallo.jpeg","cavallo","1","cavallo","1","pass"
"0107_ragno.jpeg","ragno","8","ragno","8","pass"
"0108_farfalla.png","farfalla","3","farfalla","3","pass"
"0109_scoiattolo.jpeg","scoiattolo","9","scoiattolo","9","pass"
"0110_scoiattolo.jpeg","scoiattolo","9","ragno","8","fail"
"0111_cane.jpeg","cane","0","cane","0","pass"
"0112_elefante.jpg","elefante","2","elefante","2","pass"
"0113_cane.jpeg","cane","0","cane","0","pass"
"0114_farfalla.jpg","farfalla","3","farfalla","3","pass"
"0115_gallina.jpeg","gallina","4","gallina","4","pass"
"0116_elefante.jpg","elefante","2","elefante","2","pass"
"0117_cane.jpeg","cane","0","cane","0","pass"
"0118_cavallo.jpeg","cavallo","1","cavallo","1","pass"
"0119_pecora.jpeg","pecora","7","pecora","7","pass"
"0120_ragno.jpeg","ragno","8","ragno","8","pass"
"0121_farfalla.jpeg","farfalla","3","farfalla","3","pass"
"0122_cavallo.jpeg","cavallo","1","cavallo","1","pass"
"0123_ragno.jpeg","ragno","8","ragno","8","pass"
"0124_mucca.jpeg","mucca","6","mucca","6","pass"
"0125_gallina.jpeg","gallina","4","gallina","4","pass"
"0126_ragno.jpeg","ragno","8","ragno","8","pass"
"0127_gatto.jpg","gatto","5","gatto","5","pass"
"0128_cane.jpeg","cane","0","cane","0","pass"
"0129_elefante.jpeg","elefante","2","elefante","2","pass"
"0130_cane.jpeg","cane","0","scoiattolo","9","fail"
"0131_elefante.jpg","elefante","2","elefante","2","pass"
"0132_scoiattolo.jpeg","scoiattolo","9","scoiattolo","9","pass"
"0133_pecora.jpg","pecora","7","pecora","7","pass"
"0134_mucca.jpeg","mucca","6","mucca","6","pass"
"0135_elefante.jpeg","elefante","2","elefante","2","pass"
"0136_scoiattolo.jpeg","scoiattolo","9","scoiattolo","9","pass"
"0137_pecora.jpeg","pecora","7","pecora","7","pass"
"0138_gallina.jpeg","gallina","4","gallina","4","pass"
"0139_pecora.jpeg","pecora","7","scoiattolo","9","fail"
"0140_gallina.jpeg","gallina","4","gallina","4","pass"
"0141_gallina.jpeg","gallina","4","gallina","4","pass"
"0142_cavallo.jpeg","cavallo","1","cavallo","1","pass"
"0143_cane.jpeg","cane","0","cane","0","pass"
"0144_mucca.jpeg","mucca","6","mucca","6","pass"
"0145_mucca.jpeg","mucca","6","mucca","6","pass"
"0146_cane.jpeg","cane","0","cane","0","pass"
"0147_scoiattolo.jpeg","scoiattolo","9","scoiattolo","9","pass"
"0148_cane.jpeg","cane","0","cane","0","pass"
"0149_cane.jpeg","cane","0","cane","0","pass"
"0150_cavallo.jpeg","cavallo","1","cavallo","1","pass"
"0151_ragno.jpeg","ragno","8","ragno","8","pass"
"0152_cavallo.jpeg","cavallo","1","cavallo","1","pass"
"0153_scoiattolo.jpeg","scoiattolo","9","scoiattolo","9","pass"
"0154_ragno.jpeg","ragno","8","ragno","8","pass"
"0155_gallina.jpeg","gallina","4","gallina","4","pass"
"0156_ragno.jpeg","ragno","8","ragno","8","pass"
"0157_cane.jpeg","cane","0","cane","0","pass"
"0158_gallina.jpeg","gallina","4","gallina","4","pass"
"0159_gallina.jpeg","gallina","4","gallina","4","pass"
"0160_ragno.jpeg","ragno","8","ragno","8","pass"
"0161_gatto.jpeg","gatto","5","gatto","5","pass"
"0162_mucca.jpeg","mucca","6","mucca","6","pass"
"0163_elefante.jpeg","elefante","2","elefante","2","pass"
"0164_pecora.jpeg","pecora","7","pecora","7","pass"
"0165_cane.jpeg","cane","0","cane","0","pass"
"0166_ragno.jpeg","ragno","8","ragno","8","pass"
"0167_ragno.jpeg","ragno","8","ragno","8","pass"
"0168_cane.jpeg","cane","0","cane","0","pass"
"0169_ragno.jpeg","ragno","8","ragno","8","pass"
"0170_mucca.jpeg","mucca","6","pecora","7","fail"
"0171_scoiattolo.jpeg","scoiattolo","9","scoiattolo","9","pass"
"0172_elefante.jpg","elefante","2","elefante","2","pass"
"0173_scoiattolo.jpeg","scoiattolo","9","scoiattolo","9","pass"
"0174_ragno.jpeg","ragno","8","ragno","8","pass"
"0175_gallina.jpeg","gallina","4","gallina","4","pass"
"0176_cane.jpeg","cane","0","cane","0","pass"
"0177_farfalla.jpeg","farfalla","3","farfalla","3","pass"
"0178_gatto.jpeg","gatto","5","gatto","5","pass"
"0179_cavallo.jpeg","cavallo","1","cavallo","1","pass"
"0180_gatto.jpg","gatto","5","gatto","5","pass"
"0181_cane.jpeg","cane","0","scoiattolo","9","fail"
"0182_ragno.jpeg","ragno","8","ragno","8","pass"
"0183_ragno.jpeg","ragno","8","ragno","8","pass"
"0184_elefante.jpeg","elefante","2","elefante","2","pass"
"0185_mucca.jpeg","mucca","6","mucca","6","pass"
"0186_scoiattolo.jpeg","scoiattolo","9","scoiattolo","9","pass"
"0187_cavallo.jpeg","cavallo","1","mucca","6","fail"
"0188_mucca.jpeg","mucca","6","mucca","6","pass"
"0189_cane.jpeg","cane","0","cane","0","pass"
"0190_ragno.jpeg","ragno","8","ragno","8","pass"
"0191_farfalla.jpeg","farfalla","3","farfalla","3","pass"
"0192_ragno.jpeg","ragno","8","ragno","8","pass"
"0193_ragno.jpg","ragno","8","ragno","8","pass"
"0194_cavallo.jpeg","cavallo","1","cavallo","1","pass"
"0195_gallina.jpeg","gallina","4","gallina","4","pass"
"0196_scoiattolo.jpeg","scoiattolo","9","scoiattolo","9","pass"
"0197_cavallo.jpeg","cavallo","1","cavallo","1","pass"
"0198_mucca.jpeg","mucca","6","mucca","6","pass"
"0199_scoiattolo.jpeg","scoiattolo","9","scoiattolo","9","pass"
"0200_mucca.jpeg","mucca","6","mucca","6","pass"
"0201_cane.jpeg","cane","0","cane","0","pass"
"0202_ragno.jpeg","ragno","8","ragno","8","pass"
"0203_farfalla.jpg","farfalla","3","farfalla","3","pass"
"0204_mucca.jpeg","mucca","6","cavallo","1","fail"
"0205_cane.jpeg","cane","0","cane","0","pass"
"0206_cane.jpeg","cane","0","cane","0","pass"
"0207_gallina.jpeg","gallina","4","gallina","4","pass"
"0208_farfalla.jpeg","farfalla","3","farfalla","3","pass"
"0209_elefante.jpeg","elefante","2","elefante","2","pass"
"0210_cane.jpeg","cane","0","cane","0","pass"
"0211_elefante.jpeg","elefante","2","elefante","2","pass"
"0212_pecora.jpeg","pecora","7","pecora","7","pass"
"0213_cane.jpeg","cane","0","cane","0","pass"
"0214_cane.jpeg","cane","0","cane","0","pass"
"0215_ragno.jpg","ragno","8","ragno","8","pass"
"0216_mucca.jpeg","mucca","6","mucca","6","pass"
"0217_cane.jpeg","cane","0","cane","0","pass"
"0218_scoiattolo.jpeg","scoiattolo","9","scoiattolo","9","pass"
"0219_mucca.jpeg","mucca","6","pecora","7","fail"
"0220_scoiattolo.jpeg","scoiattolo","9","scoiattolo","9","pass"
"0221_cane.jpeg","cane","0","cane","0","pass"
"0222_cane.jpeg","cane","0","cavallo","1","fail"
"0223_ragno.jpeg","ragno","8","ragno","8","pass"
"0224_gatto.jpg","gatto","5","cane","0","fail"
"0225_pecora.jpeg","pecora","7","pecora","7","pass"
"0226_cavallo.jpeg","cavallo","1","cane","0","fail"
"0227_elefante.jpeg","elefante","2","elefante","2","pass"
"0228_mucca.jpeg","mucca","6","mucca","6","pass"
"0229_ragno.jpeg","ragno","8","ragno","8","pass"
"0230_gallina.jpeg","gallina","4","gallina","4","pass"
"0231_cavallo.jpeg","cavallo","1","cavallo","1","pass"
"0232_mucca.jpeg","mucca","6","mucca","6","pass"
"0233_scoiattolo.jpeg","scoiattolo","9","scoiattolo","9","pass"
"0234_ragno.jpeg","ragno","8","ragno","8","pass"
"0235_ragno.jpeg","ragno","8","ragno","8","pass"
"0236_cavallo.jpeg","cavallo","1","pecora","7","fail"
"0237_ragno.jpeg","ragno","8","ragno","8","pass"
"0238_farfalla.jpeg","farfalla","3","farfalla","3","pass"
"0239_gallina.jpeg","gallina","4","gallina","4","pass"
"0240_ragno.jpeg","ragno","8","ragno","8","pass"
"0241_gallina.jpeg","gallina","4","gallina","4","pass"
"0242_gatto.jpeg","gatto","5","gatto","5","pass"
"0243_mucca.jpeg","mucca","6","mucca","6","pass"
"0244_gatto.jpeg","gatto","5","gatto","5","pass"
"0245_cane.jpeg","cane","0","gatto","5","fail"
"0246_elefante.jpeg","elefante","2","elefante","2","pass"
"0247_cavallo.jpeg","cavallo","1","cavallo","1","pass"
"0248_cane.jpeg","cane","0","cane","0","pass"
"0249_gallina.jpeg","gallina","4","gallina","4","pass"
"0250_cane.jpeg","cane","0","gatto","5","fail"
"0251_pecora.jpg","pecora","7","pecora","7","pass"
"0252_pecora.jpeg","pecora","7","scoiattolo","9","fail"
"0253_elefante.jpeg","elefante","2","elefante","2","pass"
"0254_pecora.jpeg","pecora","7","mucca","6","fail"
"0255_cavallo.jpeg","cavallo","1","cavallo","1","pass"
"0256_cane.jpeg","cane","0","cane","0","pass"
"0257_cane.jpeg","cane","0","cane","0","pass"
"0258_ragno.jpeg","ragno","8","ragno","8","pass"
"0259_ragno.jpeg","ragno","8","ragno","8","pass"
"0260_cane.jpeg","cane","0","cane","0","pass"
"0261_elefante.jpeg","elefante","2","elefante","2","pass"
"0262_cane.jpeg","cane","0","cane","0","pass"
"0263_cane.jpeg","cane","0","cavallo","1","fail"
"0264_farfalla.jpeg","farfalla","3","farfalla","3","pass"
"0265_cane.jpeg","cane","0","cane","0","pass"
"0266_mucca.jpeg","mucca","6","mucca","6","pass"
"0267_elefante.jpeg","elefante","2","elefante","2","pass"
"0268_farfalla.jpeg","farfalla","3","farfalla","3","pass"
"0269_ragno.jpeg","ragno","8","ragno","8","pass"
"0270_mucca.jpeg","mucca","6","mucca","6","pass"
"0271_cavallo.jpeg","cavallo","1","cavallo","1","pass"
"0272_mucca.jpeg","mucca","6","mucca","6","pass"
"0273_cane.jpeg","cane","0","cane","0","pass"
"0274_ragno.jpg","ragno","8","ragno","8","pass"
"0275_pecora.jpeg","pecora","7","pecora","7","pass"
"0276_pecora.jpg","pecora","7","cane","0","fail"
"0277_gatto.jpeg","gatto","5","gatto","5","pass"
"0278_elefante.jpeg","elefante","2","elefante","2","pass"
"0279_scoiattolo.jpeg","scoiattolo","9","scoiattolo","9","pass"
"0280_gatto.jpeg","gatto","5","gatto","5","pass"
"0281_gallina.jpeg","gallina","4","gallina","4","pass"
"0282_cavallo.jpeg","cavallo","1","cavallo","1","pass"
"0283_cane.jpeg","cane","0","cane","0","pass"
"0284_cane.jpeg","cane","0","cane","0","pass"
"0285_ragno.jpeg","ragno","8","ragno","8","pass"
"0286_gallina.jpeg","gallina","4","gallina","4","pass"
"0287_gallina.jpeg","gallina","4","gallina","4","pass"
"0288_gallina.jpeg","gallina","4","gallina","4","pass"
"0289_gallina.jpeg","gallina","4","gallina","4","pass"
"0290_gatto.jpeg","gatto","5","gatto","5","pass"
"0291_ragno.jpeg","ragno","8","ragno","8","pass"
"0292_cane.jpeg","cane","0","cane","0","pass"
"0293_ragno.jpeg","ragno","8","ragno","8","pass"
"0294_ragno.jpeg","ragno","8","ragno","8","pass"
"0295_ragno.jpeg","ragno","8","ragno","8","pass"
"0296_cane.jpeg","cane","0","cane","0","pass"
"0297_cane.jpeg","cane","0","cane","0","pass"
"0298_gallina.jpeg","gallina","4","gallina","4","pass"
"0299_ragno.jpeg","ragno","8","ragno","8","pass"
"0300_gallina.jpeg","gallina","4","mucca","6","fail"
"0301_cane.jpeg","cane","0","cane","0","pass"
"0302_elefante.jpg","elefante","2","elefante","2","pass"
"0303_cavallo.jpeg","cavallo","1","cavallo","1","pass"
"0304_cavallo.jpeg","cavallo","1","cavallo","1","pass"
"0305_mucca.jpeg","mucca","6","mucca","6","pass"
"0306_gatto.jpeg","gatto","5","gatto","5","pass"
"0307_cane.jpeg","cane","0","cane","0","pass"
"0308_gallina.jpeg","gallina","4","gallina","4","pass"
"0309_cavallo.jpeg","cavallo","1","cavallo","1","pass"
"0310_farfalla.jpeg","farfalla","3","farfalla","3","pass"
"0311_gatto.jpeg","gatto","5","gatto","5","pass"
"0312_elefante.jpeg","elefante","2","elefante","2","pass"
"0313_cane.jpeg","cane","0","cane","0","pass"
"0314_gatto.jpeg","gatto","5","gatto","5","pass"
"0315_pecora.jpeg","pecora","7","pecora","7","pass"
"0316_cane.jpeg","cane","0","cane","0","pass"
"0317_cane.jpeg","cane","0","cane","0","pass"
"0318_ragno.jpeg","ragno","8","ragno","8","pass"
"0319_pecora.jpg","pecora","7","pecora","7","pass"
"0320_cane.jpeg","cane","0","cane","0","pass"
"0321_cane.jpeg","cane","0","cane","0","pass"
"0322_scoiattolo.jpeg","scoiattolo","9","scoiattolo","9","pass"
"0323_elefante.jpeg","elefante","2","gallina","4","fail"
"0324_cavallo.jpeg","cavallo","1","cavallo","1","pass"
"0325_gallina.jpeg","gallina","4","gallina","4","pass"
"0326_mucca.jpeg","mucca","6","cavallo","1","fail"
"0327_gatto.jpeg","gatto","5","gatto","5","pass"
"0328_cavallo.jpeg","cavallo","1","cavallo","1","pass"
"0329_gallina.jpeg","gallina","4","cane","0","fail"
"0330_cane.jpeg","cane","0","cane","0","pass"
"0331_cavallo.jpeg","cavallo","1","cane","0","fail"
"0332_gallina.jpeg","gallina","4","gallina","4","pass"
"0333_cane.jpeg","cane","0","ragno","8","fail"
"0334_gallina.jpeg","gallina","4","gallina","4","pass"
"0335_elefante.jpeg","elefante","2","elefante","2","pass"
"0336_scoiattolo.jpeg","scoiattolo","9","scoiattolo","9","pass"
"0337_scoiattolo.jpeg","scoiattolo","9","scoiattolo","9","pass"
"0338_gatto.jpeg","gatto","5","gatto","5","pass"
"0339_farfalla.jpg","farfalla","3","farfalla","3","pass"
"0340_gallina.jpeg","gallina","4","gallina","4","pass"
"0341_ragno.jpeg","ragno","8","ragno","8","pass"
"0342_ragno.jpeg","ragno","8","ragno","8","pass"
"0343_scoiattolo.jpeg","scoiattolo","9","scoiattolo","9","pass"
"0344_pecora.jpg","pecora","7","pecora","7","pass"
"0345_ragno.jpeg","ragno","8","ragno","8","pass"
"0346_ragno.jpeg","ragno","8","ragno","8","pass"
"0347_mucca.jpeg","mucca","6","mucca","6","pass"
"0348_cavallo.jpeg","cavallo","1","cavallo","1","pass"
"0349_cavallo.jpeg","cavallo","1","cavallo","1","pass"
"0350_farfalla.jpeg","farfalla","3","farfalla","3","pass"
"0351_cavallo.jpeg","cavallo","1","cavallo","1","pass"
"0352_cane.jpeg","cane","0","cane","0","pass"
"0353_pecora.jpeg","pecora","7","mucca","6","fail"
"0354_ragno.jpeg","ragno","8","ragno","8","pass"
"0355_pecora.jpeg","pecora","7","pecora","7","pass"
"0356_cane.jpeg","cane","0","cane","0","pass"
"0357_scoiattolo.jpeg","scoiattolo","9","pecora","7","fail"
"0358_farfalla.jpeg","farfalla","3","farfalla","3","pass"
"0359_cane.jpeg","cane","0","cane","0","pass"
"0360_cane.jpeg","cane","0","cane","0","pass"
"0361_pecora.jpeg","pecora","7","pecora","7","pass"
"0362_gatto.jpg","gatto","5","gatto","5","pass"
"0363_mucca.jpeg","mucca","6","mucca","6","pass"
"0364_mucca.jpeg","mucca","6","cane","0","fail"
"0365_cavallo.jpeg","cavallo","1","cavallo","1","pass"
"0366_cane.jpeg","cane","0","cane","0","pass"
"0367_mucca.jpeg","mucca","6","mucca","6","pass"
"0368_cane.jpeg","cane","0","cane","0","pass"
"0369_cavallo.jpeg","cavallo","1","cavallo","1","pass"
"0370_cane.jpeg","cane","0","cane","0","pass"
"0371_ragno.jpeg","ragno","8","ragno","8","pass"
"0372_cane.jpeg","cane","0","cane","0","pass"
"0373_ragno.jpeg","ragno","8","farfalla","3","fail"
"0374_elefante.jpeg","elefante","2","elefante","2","pass"
"0375_gallina.jpeg","gallina","4","ragno","8","fail"
"0376_cane.jpeg","cane","0","cane","0","pass"
"0377_pecora.jpg","pecora","7","cane","0","fail"
"0378_elefante.jpeg","elefante","2","elefante","2","pass"
"0379_pecora.jpeg","pecora","7","cavallo","1","fail"
"0380_pecora.jpeg","pecora","7","pecora","7","pass"
"0381_cane.jpeg","cane","0","cane","0","pass"
"0382_ragno.jpeg","ragno","8","ragno","8","pass"
"0383_cane.jpeg","cane","0","cane","0","pass"
"0384_gallina.jpeg","gallina","4","gallina","4","pass"
"0385_ragno.jpeg","ragno","8","ragno","8","pass"
"0386_pecora.jpg","pecora","7","pecora","7","pass"
"0387_pecora.jpeg","pecora","7","pecora","7","pass"
"0388_mucca.jpeg","mucca","6","mucca","6","pass"
"0389_farfalla.jpeg","farfalla","3","farfalla","3","pass"
"0390_elefante.jpeg","elefante","2","elefante","2","pass"
"0391_cavallo.jpeg","cavallo","1","cavallo","1","pass"
"0392_ragno.jpeg","ragno","8","ragno","8","pass"
"0393_ragno.jpeg","ragno","8","ragno","8","pass"
"0394_farfalla.jpeg","farfalla","3","farfalla","3","pass"
"0395_elefante.jpg","elefante","2","elefante","2","pass"
"0396_elefante.jpeg","elefante","2","elefante","2","pass"
"0397_gallina.jpeg","gallina","4","gallina","4","pass"
"0398_cane.jpeg","cane","0","cane","0","pass"
"0399_ragno.jpeg","ragno","8","ragno","8","pass"
"0400_farfalla.jpeg","farfalla","3","farfalla","3","pass"
"0401_gatto.jpeg","gatto","5","gatto","5","pass"
"0402_farfalla.jpeg","farfalla","3","farfalla","3","pass"
"0403_scoiattolo.jpeg","scoiattolo","9","scoiattolo","9","pass"
"0404_cane.jpeg","cane","0","cane","0","pass"
"0405_cane.jpeg","cane","0","cane","0","pass"
"0406_gatto.jpeg","gatto","5","gatto","5","pass"
"0407_ragno.jpeg","ragno","8","ragno","8","pass"
"0408_pecora.jpeg","pecora","7","pecora","7","pass"
"0409_cane.jpeg","cane","0","cane","0","pass"
"0410_cane.jpeg","cane","0","cane","0","pass"
"0411_mucca.jpeg","mucca","6","mucca","6","pass"
"0412_cavallo.jpeg","cavallo","1","cavallo","1","pass"
"0413_mucca.jpeg","mucca","6","mucca","6","pass"
"0414_cane.jpeg","cane","0","cane","0","pass"
"0415_gallina.jpeg","gallina","4","gallina","4","pass"
"0416_cane.jpeg","cane","0","cane","0","pass"
"0417_elefante.jpeg","elefante","2","elefante","2","pass"
"0418_gallina.jpeg","gallina","4","gallina","4","pass"
"0419_farfalla.jpeg","farfalla","3","farfalla","3","pass"
"0420_cavallo.jpeg","cavallo","1","cane","0","fail"
"0421_gatto.jpeg","gatto","5","gatto","5","pass"
"0422_pecora.jpeg","pecora","7","cane","0","fail"
"0423_ragno.jpeg","ragno","8","cane","0","fail"
"0424_farfalla.jpeg","farfalla","3","farfalla","3","pass"
"0425_ragno.jpeg","ragno","8","farfalla","3","fail"
"0426_ragno.jpeg","ragno","8","ragno","8","pass"
"0427_mucca.jpeg","mucca","6","mucca","6","pass"
"0428_cane.jpeg","cane","0","cane","0","pass"
"0429_ragno.jpeg","ragno","8","ragno","8","pass"
"0430_pecora.jpeg","pecora","7","pecora","7","pass"
"0431_farfalla.jpeg","farfalla","3","farfalla","3","pass"
"0432_ragno.jpeg","ragno","8","ragno","8","pass"
"0433_cane.jpeg","cane","0","cane","0","pass"
"0434_cane.jpeg","cane","0","cavallo","1","fail"
"0435_elefante.jpeg","elefante","2","elefante","2","pass"
"0436_cane.jpeg","cane","0","cane","0","pass"
"0437_cane.jpeg","cane","0","cane","0","pass"
"0438_scoiattolo.jpeg","scoiattolo","9","ragno","8","fail"
"0439_cavallo.jpeg","cavallo","1","cavallo","1","pass"
"0440_elefante.jpeg","elefante","2","elefante","2","pass"
"0441_farfalla.jpeg","farfalla","3","farfalla","3","pass"
"0442_ragno.jpeg","ragno","8","ragno","8","pass"
"0443_cavallo.jpeg","cavallo","1","cavallo","1","pass"
"0444_ragno.jpeg","ragno","8","ragno","8","pass"
"0445_gallina.jpeg","gallina","4","gallina","4","pass"
"0446_cavallo.jpeg","cavallo","1","mucca","6","fail"
"0447_ragno.jpeg","ragno","8","ragno","8","pass"
"0448_ragno.jpeg","ragno","8","cavallo","1","fail"
"0449_elefante.jpg","elefante","2","elefante","2","pass"
"0450_mucca.jpeg","mucca","6","mucca","6","pass"
"0451_mucca.jpeg","mucca","6","pecora","7","fail"
"0452_elefante.jpeg","elefante","2","elefante","2","pass"
"0453_cane.jpeg","cane","0","cane","0","pass"
"0454_cane.jpeg","cane","0","cane","0","pass"
"0455_ragno.jpg","ragno","8","ragno","8","pass"
"0456_farfalla.jpeg","farfalla","3","farfalla","3","pass"
"0457_cane.jpeg","cane","0","cane","0","pass"
"0458_cane.jpeg","cane","0","cane","0","pass"
"0459_farfalla.jpeg","farfalla","3","farfalla","3","pass"
"0460_scoiattolo.jpeg","scoiattolo","9","scoiattolo","9","pass"
"0461_cane.jpeg","cane","0","cane","0","pass"
"0462_ragno.jpeg","ragno","8","ragno","8","pass"
"0463_elefante.jpeg","elefante","2","elefante","2","pass"
"0464_cavallo.jpeg","cavallo","1","cavallo","1","pass"
"0465_ragno.jpeg","ragno","8","ragno","8","pass"
"0466_gatto.jpeg","gatto","5","cane","0","fail"
"0467_pecora.jpeg","pecora","7","cane","0","fail"
"0468_ragno.jpeg","ragno","8","ragno","8","pass"
"0469_gallina.jpeg","gallina","4","gallina","4","pass"
"0470_pecora.jpeg","pecora","7","mucca","6","fail"
"0471_cane.jpeg","cane","0","gatto","5","fail"
"0472_cane.jpeg","cane","0","cane","0","pass"
"0473_ragno.jpg","ragno","8","ragno","8","pass"
"0474_cavallo.jpeg","cavallo","1","cavallo","1","pass"
"0475_pecora.jpeg","pecora","7","pecora","7","pass"
"0476_cane.jpeg","cane","0","cane","0","pass"
"0477_gallina.jpeg","gallina","4","gallina","4","pass"
"0478_pecora.jpg","pecora","7","pecora","7","pass"
"0479_pecora.jpg","pecora","7","pecora","7","pass"
"0480_cane.jpeg","cane","0","cane","0","pass"
"0481_gallina.jpeg","gallina","4","gallina","4","pass"
"0482_cane.jpeg","cane","0","cane","0","pass"
"0483_cane.jpeg","cane","0","cane","0","pass"
"0484_farfalla.jpeg","farfalla","3","farfalla","3","pass"
"0485_gallina.jpeg","gallina","4","gallina","4","pass"
"0486_scoiattolo.jpeg","scoiattolo","9","scoiattolo","9","pass"
"0487_cane.jpeg","cane","0","cane","0","pass"
"0488_gallina.jpeg","gallina","4","cane","0","fail"
"0489_cavallo.jpeg","cavallo","1","cavallo","1","pass"
"0490_ragno.jpeg","ragno","8","ragno","8","pass"
"0491_elefante.jpeg","elefante","2","elefante","2","pass"
"0492_ragno.jpg","ragno","8","ragno","8","pass"
"0493_cane.jpeg","cane","0","cane","0","pass"
"0494_gallina.jpeg","gallina","4","gallina","4","pass"
"0495_scoiattolo.jpeg","scoiattolo","9","scoiattolo","9","pass"
"0496_pecora.jpg","pecora","7","pecora","7","pass"
"0497_gallina.jpeg","gallina","4","scoiattolo","9","fail"
"0498_ragno.jpeg","ragno","8","ragno","8","pass"
"0499_scoiattolo.jpeg","scoiattolo","9","scoiattolo","9","pass"
"0500_cavallo.jpeg","cavallo","1","cavallo","1","pass"
"0501_elefante.jpeg","elefante","2","elefante","2","pass"
"0502_cavallo.jpeg","cavallo","1","cavallo","1","pass"
"0503_cavallo.jpeg","cavallo","1","cavallo","1","pass"
"0504_gallina.jpeg","gallina","4","gallina","4","pass"
"0505_cane.jpeg","cane","0","cane","0","pass"
"0506_cavallo.jpeg","cavallo","1","cavallo","1","pass"
"0507_ragno.jpeg","ragno","8","ragno","8","pass"
"0508_farfalla.jpeg","farfalla","3","farfalla","3","pass"
"0509_scoiattolo.jpeg","scoiattolo","9","scoiattolo","9","pass"
"0510_gallina.jpeg","gallina","4","gallina","4","pass"
"0511_ragno.jpeg","ragno","8","ragno","8","pass"
"0512_ragno.jpeg","ragno","8","ragno","8","pass"
"0513_elefante.jpeg","elefante","2","elefante","2","pass"
"0514_elefante.jpeg","elefante","2","elefante","2","pass"
"0515_cavallo.jpeg","cavallo","1","cavallo","1","pass"
"0516_scoiattolo.jpeg","scoiattolo","9","scoiattolo","9","pass"
"0517_ragno.jpg","ragno","8","farfalla","3","fail"
"0518_cane.jpeg","cane","0","cane","0","pass"
"0519_gallina.jpeg","gallina","4","gallina","4","pass"
"0520_cane.jpeg","cane","0","cane","0","pass"
"0521_gatto.jpg","gatto","5","gatto","5","pass"
"0522_cavallo.jpeg","cavallo","1","cavallo","1","pass"
"0523_cavallo.jpeg","cavallo","1","cavallo","1","pass"
"0524_gatto.jpg","gatto","5","cane","0","fail"
"0525_gallina.jpeg","gallina","4","gallina","4","pass"
"0526_farfalla.jpg","farfalla","3","farfalla","3","pass"
"0527_scoiattolo.jpeg","scoiattolo","9","gallina","4","fail"
"0528_cavallo.jpeg","cavallo","1","cavallo","1","pass"
"0529_cavallo.jpeg","cavallo","1","cavallo","1","pass"
"0530_cane.jpeg","cane","0","cane","0","pass"
"0531_ragno.jpeg","ragno","8","ragno","8","pass"
"0532_cavallo.jpeg","cavallo","1","cavallo","1","pass"
"0533_gallina.jpeg","gallina","4","gallina","4","pass"
"0534_farfalla.jpeg","farfalla","3","farfalla","3","pass"
"0535_farfalla.png","farfalla","3","farfalla","3","pass"
"0536_cane.jpeg","cane","0","ragno","8","fail"
"0537_scoiattolo.jpeg","scoiattolo","9","cane","0","fail"
"0538_farfalla.jpeg","farfalla","3","farfalla","3","pass"
"0539_gallina.jpeg","gallina","4","gallina","4","pass"
"0540_ragno.jpeg","ragno","8","ragno","8","pass"
"0541_mucca.jpeg","mucca","6","mucca","6","pass"
"0542_gallina.jpeg","gallina","4","gallina","4","pass"
"0543_ragno.jpeg","ragno","8","ragno","8","pass"
"0544_mucca.jpeg","mucca","6","mucca","6","pass"
"0545_farfalla.jpeg","farfalla","3","farfalla","3","pass"
"0546_cane.jpeg","cane","0","cane","0","pass"
"0547_cane.jpeg","cane","0","cane","0","pass"
"0548_elefante.jpeg","elefante","2","elefante","2","pass"
"0549_cavallo.jpeg","cavallo","1","cavallo","1","pass"
"0550_pecora.jpeg","pecora","7","pecora","7","pass"
"0551_elefante.jpg","elefante","2","elefante","2","pass"
"0552_cane.jpeg","cane","0","cane","0","pass"
"0553_cane.jpeg","cane","0","cane","0","pass"
"0554_ragno.jpeg","ragno","8","ragno","8","pass"
"0555_gatto.jpeg","gatto","5","cane","0","fail"
"0556_gallina.jpeg","gallina","4","gallina","4","pass"
"0557_ragno.jpeg","ragno","8","ragno","8","pass"
"0558_scoiattolo.jpeg","scoiattolo","9","scoiattolo","9","pass"
"0559_farfalla.jpg","farfalla","3","farfalla","3","pass"
"0560_gatto.jpeg","gatto","5","gatto","5","pass"
"0561_ragno.jpeg","ragno","8","ragno","8","pass"
"0562_mucca.jpeg","mucca","6","mucca","6","pass"
"0563_cane.jpeg","cane","0","cane","0","pass"
"0564_gallina.jpeg","gallina","4","gallina","4","pass"
"0565_pecora.jpeg","pecora","7","pecora","7","pass"
"0566_cavallo.jpeg","cavallo","1","cavallo","1","pass"
"0567_elefante.jpeg","elefante","2","elefante","2","pass"
"0568_cane.jpeg","cane","0","cane","0","pass"
"0569_ragno.jpeg","ragno","8","ragno","8","pass"
"0570_gatto.jpeg","gatto","5","mucca","6","fail"
"0571_cane.jpeg","cane","0","cane","0","pass"
"0572_mucca.jpeg","mucca","6","mucca","6","pass"
"0573_mucca.jpeg","mucca","6","mucca","6","pass"
"0574_ragno.jpeg","ragno","8","ragno","8","pass"
"0575_ragno.jpeg","ragno","8","ragno","8","pass"
"0576_ragno.jpeg","ragno","8","ragno","8","pass"
"0577_ragno.jpeg","ragno","8","pecora","7","fail"
"0578_ragno.jpg","ragno","8","farfalla","3","fail"
"0579_cavallo.jpeg","cavallo","1","cavallo","1","pass"
"0580_gallina.jpeg","gallina","4","gallina","4","pass"
"0581_gallina.jpeg","gallina","4","gallina","4","pass"
"0582_cane.jpeg","cane","0","cane","0","pass"
"0583_ragno.jpeg","ragno","8","ragno","8","pass"
"0584_farfalla.jpg","farfalla","3","farfalla","3","pass"
"0585_ragno.jpeg","ragno","8","ragno","8","pass"
"0586_farfalla.jpg","farfalla","3","farfalla","3","pass"
"0587_cane.jpeg","cane","0","cavallo","1","fail"
"0588_ragno.jpeg","ragno","8","ragno","8","pass"
"0589_farfalla.jpeg","farfalla","3","farfalla","3","pass"
"0590_mucca.jpeg","mucca","6","mucca","6","pass"
"0591_farfalla.jpeg","farfalla","3","farfalla","3","pass"
"0592_ragno.jpeg","ragno","8","ragno","8","pass"
"0593_gallina.jpeg","gallina","4","gallina","4","pass"
"0594_farfalla.jpeg","farfalla","3","farfalla","3","pass"
"0595_gallina.jpeg","gallina","4","ragno","8","fail"
"0596_ragno.jpeg","ragno","8","ragno","8","pass"
"0597_farfalla.jpeg","farfalla","3","farfalla","3","pass"
"0598_pecora.jpeg","pecora","7","pecora","7","pass"
"0599_cane.jpeg","cane","0","cane","0","pass"
"0600_cavallo.jpeg","cavallo","1","cavallo","1","pass"
"0601_gallina.jpeg","gallina","4","gallina","4","pass"
"0602_ragno.jpeg","ragno","8","ragno","8","pass"
"0603_gallina.jpeg","gallina","4","gallina","4","pass"
"0604_ragno.jpeg","ragno","8","ragno","8","pass"
"0605_scoiattolo.jpeg","scoiattolo","9","ragno","8","fail"
"0606_cavallo.jpeg","cavallo","1","cavallo","1","pass"
"0607_ragno.jpeg","ragno","8","ragno","8","pass"
"0608_pecora.jpeg","pecora","7","pecora","7","pass"
"0609_farfalla.jpeg","farfalla","3","ragno","8","fail"
"0610_gallina.jpeg","gallina","4","gallina","4","pass"
"0611_pecora.jpg","pecora","7","pecora","7","pass"
"0612_cane.jpeg","cane","0","cavallo","1","fail"
"0613_farfalla.jpg","farfalla","3","ragno","8","fail"
"0614_farfalla.jpeg","farfalla","3","ragno","8","fail"
"0615_cavallo.jpeg","cavallo","1","cavallo","1","pass"
"0616_gallina.jpeg","gallina","4","gallina","4","pass"
"0617_scoiattolo.jpeg","scoiattolo","9","scoiattolo","9","pass"
"0618_pecora.jpeg","pecora","7","pecora","7","pass"
"0619_ragno.jpeg","ragno","8","ragno","8","pass"
"0620_ragno.jpeg","ragno","8","ragno","8","pass"
"0621_farfalla.jpg","farfalla","3","farfalla","3","pass"
"0622_gatto.jpg","gatto","5","gatto","5","pass"
"0623_gatto.jpeg","gatto","5","cavallo","1","fail"
"0624_gatto.jpeg","gatto","5","gatto","5","pass"
"0625_ragno.jpeg","ragno","8","ragno","8","pass"
"0626_cavallo.jpeg","cavallo","1","cavallo","1","pass"
"0627_mucca.jpeg","mucca","6","mucca","6","pass"
"0628_gatto.jpeg","gatto","5","gatto","5","pass"
"0629_scoiattolo.jpeg","scoiattolo","9","scoiattolo","9","pass"
"0630_scoiattolo.jpeg","scoiattolo","9","scoiattolo","9","pass"
"0631_ragno.jpeg","ragno","8","ragno","8","pass"
"0632_cavallo.jpeg","cavallo","1","cavallo","1","pass"
"0633_ragno.jpeg","ragno","8","ragno","8","pass"
"0634_cane.jpeg","cane","0","cane","0","pass"
"0635_farfalla.jpeg","farfalla","3","farfalla","3","pass"
"0636_mucca.jpeg","mucca","6","mucca","6","pass"
"0637_ragno.jpeg","ragno","8","ragno","8","pass"
"0638_ragno.jpeg","ragno","8","ragno","8","pass"
"0639_ragno.jpeg","ragno","8","gallina","4","fail"
"0640_farfalla.jpg","farfalla","3","ragno","8","fail"
"0641_cane.jpeg","cane","0","farfalla","3","fail"
"0642_scoiattolo.jpeg","scoiattolo","9","scoiattolo","9","pass"
"0643_elefante.jpeg","elefante","2","elefante","2","pass"
"0644_ragno.jpeg","ragno","8","ragno","8","pass"
"0645_farfalla.jpeg","farfalla","3","farfalla","3","pass"
"0646_cavallo.jpeg","cavallo","1","cavallo","1","pass"
"0647_cavallo.jpeg","cavallo","1","cavallo","1","pass"
"0648_cane.jpeg","cane","0","cane","0","pass"
"0649_cane.jpeg","cane","0","cane","0","pass"
"0650_cane.jpeg","cane","0","cane","0","pass"
"0651_elefante.jpeg","elefante","2","cavallo","1","fail"
"0652_gatto.jpeg","gatto","5","mucca","6","fail"
"0653_ragno.jpeg","ragno","8","ragno","8","pass"
"0654_scoiattolo.jpeg","scoiattolo","9","scoiattolo","9","pass"
"0655_cane.jpeg","cane","0","cane","0","pass"
"0656_gatto.jpeg","gatto","5","cane","0","fail"
"0657_gallina.jpeg","gallina","4","gallina","4","pass"
"0658_ragno.jpeg","ragno","8","ragno","8","pass"
"0659_pecora.jpeg","pecora","7","pecora","7","pass"
"0660_cavallo.jpeg","cavallo","1","cavallo","1","pass"
"0661_ragno.jpg","ragno","8","farfalla","3","fail"
"0662_ragno.jpeg","ragno","8","ragno","8","pass"
"0663_gallina.jpeg","gallina","4","gallina","4","pass"
"0664_mucca.jpeg","mucca","6","mucca","6","pass"
"0665_gallina.jpeg","gallina","4","gallina","4","pass"
"0666_elefante.jpeg","elefante","2","elefante","2","pass"
"0667_cane.jpeg","cane","0","cane","0","pass"
"0668_ragno.jpeg","ragno","8","ragno","8","pass"
"0669_ragno.jpeg","ragno","8","scoiattolo","9","fail"
"0670_cane.jpeg","cane","0","cane","0","pass"
"0671_scoiattolo.jpeg","scoiattolo","9","scoiattolo","9","pass"
"0672_scoiattolo.jpeg","scoiattolo","9","scoiattolo","9","pass"
"0673_cane.jpeg","cane","0","cane","0","pass"
"0674_scoiattolo.jpeg","scoiattolo","9","scoiattolo","9","pass"
"0675_gallina.jpeg","gallina","4","gallina","4","pass"
"0676_cavallo.jpeg","cavallo","1","cavallo","1","pass"
"0677_cavallo.jpeg","cavallo","1","cavallo","1","pass"
"0678_ragno.jpeg","ragno","8","ragno","8","pass"
"0679_mucca.jpeg","mucca","6","mucca","6","pass"
"0680_gatto.jpeg","gatto","5","gatto","5","pass"
"0681_cane.jpeg","cane","0","cane","0","pass"
"0682_pecora.jpeg","pecora","7","mucca","6","fail"
"0683_elefante.jpeg","elefante","2","elefante","2","pass"
"0684_cane.jpeg","cane","0","cane","0","pass"
"0685_gatto.jpeg","gatto","5","gatto","5","pass"
"0686_cane.jpeg","cane","0","cane","0","pass"
"0687_gatto.jpeg","gatto","5","cane","0","fail"
"0688_ragno.jpeg","ragno","8","ragno","8","pass"
"0689_mucca.jpeg","mucca","6","mucca","6","pass"
"0690_pecora.jpeg","pecora","7","cavallo","1","fail"
"0691_ragno.jpeg","ragno","8","ragno","8","pass"
"0692_farfalla.jpeg","farfalla","3","farfalla","3","pass"
"0693_gatto.jpeg","gatto","5","gatto","5","pass"
"0694_ragno.jpeg","ragno","8","ragno","8","pass"
"0695_ragno.jpeg","ragno","8","ragno","8","pass"
"0696_mucca.jpeg","mucca","6","mucca","6","pass"
"0697_gallina.jpeg","gallina","4","gallina","4","pass"
"0698_pecora.jpg","pecora","7","pecora","7","pass"
"0699_gatto.jpeg","gatto","5","gatto","5","pass"
"0700_cavallo.jpeg","cavallo","1","cavallo","1","pass"
"0701_scoiattolo.jpeg","scoiattolo","9","scoiattolo","9","pass"
"0702_gatto.jpeg","gatto","5","gatto","5","pass"
"0703_gatto.jpeg","gatto","5","gatto","5","pass"
"0704_elefante.jpeg","elefante","2","elefante","2","pass"
"0705_scoiattolo.jpeg","scoiattolo","9","scoiattolo","9","pass"
"0706_elefante.jpg","elefante","2","gallina","4","fail"
"0707_ragno.jpeg","ragno","8","ragno","8","pass"
"0708_farfalla.jpeg","farfalla","3","farfalla","3","pass"
"0709_scoiattolo.jpeg","scoiattolo","9","scoiattolo","9","pass"
"0710_mucca.jpeg","mucca","6","mucca","6","pass"
"0711_mucca.jpeg","mucca","6","mucca","6","pass"
"0712_ragno.jpeg","ragno","8","ragno","8","pass"
"0713_elefante.jpeg","elefante","2","gallina","4","fail"
"0714_farfalla.jpg","farfalla","3","farfalla","3","pass"
"0715_gatto.jpeg","gatto","5","gatto","5","pass"
"0716_cane.jpeg","cane","0","cane","0","pass"
"0717_ragno.jpeg","ragno","8","ragno","8","pass"
"0718_farfalla.jpeg","farfalla","3","farfalla","3","pass"
"0719_elefante.jpeg","elefante","2","elefante","2","pass"
"0720_elefante.jpeg","elefante","2","elefante","2","pass"
"0721_farfalla.jpeg","farfalla","3","farfalla","3","pass"
"0722_farfalla.jpeg","farfalla","3","farfalla","3","pass"
"0723_pecora.jpg","pecora","7","pecora","7","pass"
"0724_cane.jpeg","cane","0","cane","0","pass"
"0725_cane.jpeg","cane","0","cane","0","pass"
"0726_cavallo.jpeg","cavallo","1","cavallo","1","pass"
"0727_elefante.jpeg","elefante","2","elefante","2","pass"
"0728_gallina.jpeg","gallina","4","gallina","4","pass"
"0729_ragno.jpeg","ragno","8","ragno","8","pass"
"0730_cavallo.jpeg","cavallo","1","cavallo","1","pass"
"0731_ragno.jpeg","ragno","8","ragno","8","pass"
"0732_cavallo.jpeg","cavallo","1","cavallo","1","pass"
"0733_cane.jpeg","cane","0","cane","0","pass"
"0734_gallina.jpeg","gallina","4","gallina","4","pass"
"0735_gallina.jpeg","gallina","4","gallina","4","pass"
"0736_farfalla.jpeg","farfalla","3","farfalla","3","pass"
"0737_pecora.jpeg","pecora","7","cavallo","1","fail"
"0738_gatto.jpeg","gatto","5","gatto","5","pass"
"0739_gallina.jpeg","gallina","4","gallina","4","pass"
"0740_cane.jpeg","cane","0","cane","0","pass"
"0741_cavallo.jpeg","cavallo","1","cavallo","1","pass"
"0742_gallina.jpeg","gallina","4","gallina","4","pass"
"0743_gallina.jpeg","gallina","4","gallina","4","pass"
"0744_scoiattolo.jpeg","scoiattolo","9","scoiattolo","9","pass"
"0745_pecora.jpeg","pecora","7","pecora","7","pass"
"0746_ragno.jpeg","ragno","8","ragno","8","pass"
"0747_cane.jpeg","cane","0","cane","0","pass"
"0748_scoiattolo.jpeg","scoiattolo","9","scoiattolo","9","pass"
"0749_pecora.jpeg","pecora","7","pecora","7","pass"
"0750_gallina.jpeg","gallina","4","gallina","4","pass"
"0751_gatto.jpeg","gatto","5","cane","0","fail"
"0752_cane.jpeg","cane","0","cane","0","pass"
"0753_gallina.jpeg","gallina","4","gallina","4","pass"
"0754_farfalla.jpg","farfalla","3","farfalla","3","pass"
"0755_scoiattolo.jpeg","scoiattolo","9","scoiattolo","9","pass"
"0756_gallina.jpeg","gallina","4","gallina","4","pass"
"0757_gallina.jpeg","gallina","4","gallina","4","pass"
"0758_mucca.jpeg","mucca","6","cane","0","fail"
"0759_scoiattolo.jpeg","scoiattolo","9","scoiattolo","9","pass"
"0760_ragno.jpeg","ragno","8","ragno","8","pass"
"0761_pecora.jpeg","pecora","7","pecora","7","pass"
"0762_ragno.jpeg","ragno","8","ragno","8","pass"
"0763_cavallo.jpeg","cavallo","1","cavallo","1","pass"
"0764_mucca.jpeg","mucca","6","mucca","6","pass"
"0765_cavallo.jpeg","cavallo","1","mucca","6","fail"
"0766_farfalla.jpeg","farfalla","3","farfalla","3","pass"
"0767_gatto.jpg","gatto","5","gatto","5","pass"
"0768_cane.jpeg","cane","0","cane","0","pass"
"0769_gallina.jpeg","gallina","4","gallina","4","pass"
"0770_farfalla.jpeg","farfalla","3","farfalla","3","pass"
"0771_ragno.jpeg","ragno","8","ragno","8","pass"
"0772_ragno.jpeg","ragno","8","ragno","8","pass"
"0773_scoiattolo.jpeg","scoiattolo","9","scoiattolo","9","pass"
"0774_gallina.jpeg","gallina","4","gallina","4","pass"
"0775_ragno.jpeg","ragno","8","ragno","8","pass"
"0776_cavallo.jpeg","cavallo","1","cavallo","1","pass"
"0777_gatto.jpeg","gatto","5","cane","0","fail"
"0778_cane.jpeg","cane","0","cavallo","1","fail"
"0779_ragno.jpg","ragno","8","ragno","8","pass"
"0780_cane.jpeg","cane","0","gatto","5","fail"
"0781_gallina.jpeg","gallina","4","gallina","4","pass"
"0782_pecora.jpeg","pecora","7","pecora","7","pass"
"0783_pecora.jpeg","pecora","7","cavallo","1","fail"
"0784_ragno.jpeg","ragno","8","ragno","8","pass"
"0785_cane.jpeg","cane","0","cane","0","pass"
"0786_cane.jpeg","cane","0","elefante","2","fail"
"0787_ragno.jpg","ragno","8","ragno","8","pass"
"0788_gallina.jpeg","gallina","4","gallina","4","pass"
"0789_cane.jpeg","cane","0","gatto","5","fail"
"0790_gatto.jpg","gatto","5","gatto","5","pass"
"0791_cavallo.jpeg","cavallo","1","cavallo","1","pass"
"0792_cane.jpeg","cane","0","cane","0","pass"
"0793_elefante.jpeg","elefante","2","elefante","2","pass"
"0794_gallina.jpeg","gallina","4","gallina","4","pass"
"0795_farfalla.jpg","farfalla","3","farfalla","3","pass"
"0796_cavallo.jpeg","cavallo","1","cavallo","1","pass"
"0797_gatto.jpg","gatto","5","gatto","5","pass"
"0798_farfalla.jpg","farfalla","3","farfalla","3","pass"
"0799_gallina.jpeg","gallina","4","scoiattolo","9","fail"
"0800_scoiattolo.jpeg","scoiattolo","9","scoiattolo","9","pass"
"0801_farfalla.jpg","farfalla","3","farfalla","3","pass"
"0802_scoiattolo.jpeg","scoiattolo","9","scoiattolo","9","pass"
"0803_gallina.jpeg","gallina","4","mucca","6","fail"
"0804_elefante.jpg","elefante","2","elefante","2","pass"
"0805_cane.jpeg","cane","0","cane","0","pass"
"0806_gatto.jpeg","gatto","5","gatto","5","pass"
"0807_cane.jpeg","cane","0","cane","0","pass"
"0808_scoiattolo.jpeg","scoiattolo","9","gatto","5","fail"
"0809_mucca.jpeg","mucca","6","mucca","6","pass"
"0810_cane.jpeg","cane","0","cane","0","pass"
"0811_gallina.jpeg","gallina","4","gallina","4","pass"
"0812_cavallo.jpeg","cavallo","1","cavallo","1","pass"
"0813_ragno.jpeg","ragno","8","ragno","8","pass"
"0814_cane.jpeg","cane","0","cane","0","pass"
"0815_scoiattolo.jpeg","scoiattolo","9","scoiattolo","9","pass"
"0816_ragno.jpeg","ragno","8","ragno","8","pass"
"0817_cane.jpeg","cane","0","cane","0","pass"
"0818_scoiattolo.jpeg","scoiattolo","9","scoiattolo","9","pass"
"0819_cane.jpeg","cane","0","cane","0","pass"
"0820_elefante.jpeg","elefante","2","elefante","2","pass"
"0821_cavallo.jpeg","cavallo","1","cavallo","1","pass"
"0822_cane.jpeg","cane","0","cane","0","pass"
"0823_ragno.jpeg","ragno","8","ragno","8","pass"
"0824_cavallo.jpeg","cavallo","1","cavallo","1","pass"
"0825_elefante.jpg","elefante","2","gallina","4","fail"
"0826_cane.jpeg","cane","0","cane","0","pass"
"0827_gatto.jpg","gatto","5","scoiattolo","9","fail"
"0828_ragno.jpeg","ragno","8","ragno","8","pass"
"0829_cane.jpeg","cane","0","cane","0","pass"
"0830_pecora.jpeg","pecora","7","pecora","7","pass"
"0831_cavallo.jpeg","cavallo","1","cavallo","1","pass"
"0832_gatto.jpeg","gatto","5","gatto","5","pass"
"0833_ragno.jpeg","ragno","8","ragno","8","pass"
"0834_elefante.jpg","elefante","2","cane","0","fail"
"0835_scoiattolo.jpeg","scoiattolo","9","scoiattolo","9","pass"
"0836_gallina.jpeg","gallina","4","farfalla","3","fail"
"0837_cavallo.jpeg","cavallo","1","cavallo","1","pass"
"0838_ragno.jpeg","ragno","8","ragno","8","pass"
"0839_ragno.jpeg","ragno","8","ragno","8","pass"
"0840_scoiattolo.jpeg","scoiattolo","9","scoiattolo","9","pass"
"0841_ragno.jpeg","ragno","8","ragno","8","pass"
"0842_scoiattolo.jpeg","scoiattolo","9","scoiattolo","9","pass"
"0843_cavallo.jpeg","cavallo","1","cavallo","1","pass"
"0844_farfalla.jpeg","farfalla","3","farfalla","3","pass"
"0845_pecora.jpeg","pecora","7","cane","0","fail"
"0846_cane.jpeg","cane","0","cane","0","pass"
"0847_farfalla.jpeg","farfalla","3","farfalla","3","pass"
"0848_pecora.jpg","pecora","7","pecora","7","pass"
"0849_ragno.jpeg","ragno","8","ragno","8","pass"
"0850_gallina.jpeg","gallina","4","gallina","4","pass"
"0851_gallina.jpeg","gallina","4","gallina","4","pass"
"0852_ragno.jpeg","ragno","8","ragno","8","pass"
"0853_cavallo.jpeg","cavallo","1","cavallo","1","pass"
"0854_cane.jpeg","cane","0","mucca","6","fail"
"0855_pecora.jpeg","pecora","7","pecora","7","pass"
"0856_ragno.jpeg","ragno","8","ragno","8","pass"
"0857_ragno.jpeg","ragno","8","ragno","8","pass"
"0858_elefante.jpeg","elefante","2","scoiattolo","9","fail"
"0859_cane.jpeg","cane","0","cane","0","pass"
"0860_ragno.jpg","ragno","8","ragno","8","pass"
"0861_scoiattolo.jpeg","scoiattolo","9","scoiattolo","9","pass"
"0862_farfalla.jpeg","farfalla","3","farfalla","3","pass"
"0863_ragno.jpeg","ragno","8","ragno","8","pass"
"0864_ragno.jpeg","ragno","8","ragno","8","pass"
"0865_cane.jpeg","cane","0","cane","0","pass"
"0866_scoiattolo.jpeg","scoiattolo","9","scoiattolo","9","pass"
"0867_pecora.jpeg","pecora","7","elefante","2","fail"
"0868_scoiattolo.jpeg","scoiattolo","9","scoiattolo","9","pass"
"0869_cane.jpeg","cane","0","gallina","4","fail"
"0870_gallina.jpeg","gallina","4","gallina","4","pass"
"0871_mucca.jpeg","mucca","6","mucca","6","pass"
"0872_gallina.jpeg","gallina","4","gallina","4","pass"
"0873_ragno.jpeg","ragno","8","ragno","8","pass"
"0874_gallina.jpeg","gallina","4","cavallo","1","fail"
"0875_cane.jpeg","cane","0","cane","0","pass"
"0876_mucca.jpeg","mucca","6","mucca","6","pass"
"0877_ragno.jpeg","ragno","8","ragno","8","pass"
"0878_gallina.jpeg","gallina","4","gallina","4","pass"
"0879_cane.jpeg","cane","0","cavallo","1","fail"
"0880_gallina.jpeg","gallina","4","gallina","4","pass"
"0881_mucca.jpeg","mucca","6","mucca","6","pass"
"0882_cane.jpeg","cane","0","cane","0","pass"
"0883_gatto.jpeg","gatto","5","gatto","5","pass"
"0884_gallina.jpeg","gallina","4","gallina","4","pass"
"0885_ragno.jpeg","ragno","8","ragno","8","pass"
"0886_gatto.jpeg","gatto","5","gatto","5","pass"
"0887_ragno.jpeg","ragno","8","ragno","8","pass"
"0888_cavallo.jpeg","cavallo","1","cavallo","1","pass"
"0889_gatto.jpg","gatto","5","gatto","5","pass"
"0890_cavallo.jpeg","cavallo","1","cavallo","1","pass"
"0891_ragno.jpeg","ragno","8","ragno","8","pass"
"0892_mucca.jpeg","mucca","6","mucca","6","pass"
"0893_ragno.jpeg","ragno","8","ragno","8","pass"
"0894_elefante.jpeg","elefante","2","elefante","2","pass"
"0895_ragno.jpeg","ragno","8","ragno","8","pass"
"0896_mucca.jpeg","mucca","6","mucca","6","pass"
"0897_scoiattolo.jpeg","scoiattolo","9","scoiattolo","9","pass"
"0898_mucca.jpeg","mucca","6","mucca","6","pass"
"0899_gatto.jpeg","gatto","5","cane","0","fail"
"0900_gatto.jpeg","gatto","5","gatto","5","pass"
"0901_ragno.jpeg","ragno","8","ragno","8","pass"
"0902_pecora.jpeg","pecora","7","pecora","7","pass"
"0903_elefante.jpeg","elefante","2","elefante","2","pass"
"0904_farfalla.jpg","farfalla","3","ragno","8","fail"
"0905_elefante.jpg","elefante","2","elefante","2","pass"
"0906_cane.jpeg","cane","0","cane","0","pass"
"0907_farfalla.jpeg","farfalla","3","farfalla","3","pass"
"0908_gatto.jpg","gatto","5","gatto","5","pass"
"0909_elefante.jpeg","elefante","2","elefante","2","pass"
"0910_scoiattolo.jpeg","scoiattolo","9","scoiattolo","9","pass"
"0911_gatto.jpg","gatto","5","cane","0","fail"
"0912_pecora.jpeg","pecora","7","pecora","7","pass"
"0913_ragno.jpeg","ragno","8","ragno","8","pass"
"0914_ragno.jpeg","ragno","8","ragno","8","pass"
"0915_farfalla.jpeg","farfalla","3","farfalla","3","pass"
"0916_cane.jpeg","cane","0","cane","0","pass"
"0917_mucca.jpeg","mucca","6","mucca","6","pass"
"0918_farfalla.jpeg","farfalla","3","farfalla","3","pass"
"0919_cavallo.jpeg","cavallo","1","mucca","6","fail"
"0920_mucca.jpeg","mucca","6","cavallo","1","fail"
"0921_cavallo.jpeg","cavallo","1","cavallo","1","pass"
"0922_gallina.jpeg","gallina","4","gallina","4","pass"
"0923_scoiattolo.jpeg","scoiattolo","9","scoiattolo","9","pass"
"0924_elefante.jpeg","elefante","2","elefante","2","pass"
"0925_gallina.jpeg","gallina","4","gallina","4","pass"
"0926_farfalla.jpg","farfalla","3","farfalla","3","pass"
"0927_ragno.jpeg","ragno","8","ragno","8","pass"
"0928_ragno.jpeg","ragno","8","ragno","8","pass"
"0929_farfalla.jpeg","farfalla","3","farfalla","3","pass"
"0930_pecora.jpeg","pecora","7","pecora","7","pass"
"0931_cane.jpeg","cane","0","cane","0","pass"
"0932_mucca.jpeg","mucca","6","mucca","6","pass"
"0933_cavallo.jpeg","cavallo","1","cavallo","1","pass"
"0934_cane.jpeg","cane","0","cane","0","pass"
"0935_elefante.jpg","elefante","2","elefante","2","pass"
"0936_ragno.jpeg","ragno","8","ragno","8","pass"
"0937_mucca.jpeg","mucca","6","mucca","6","pass"
"0938_pecora.jpeg","pecora","7","pecora","7","pass"
"0939_scoiattolo.jpeg","scoiattolo","9","scoiattolo","9","pass"
"0940_elefante.jpeg","elefante","2","mucca","6","fail"
"0941_ragno.jpeg","ragno","8","ragno","8","pass"
"0942_gatto.jpeg","gatto","5","gatto","5","pass"
"0943_ragno.jpg","ragno","8","ragno","8","pass"
"0944_ragno.jpeg","ragno","8","ragno","8","pass"
"0945_mucca.jpeg","mucca","6","mucca","6","pass"
"0946_gatto.jpg","gatto","5","cane","0","fail"
"0947_scoiattolo.jpeg","scoiattolo","9","scoiattolo","9","pass"
"0948_cane.jpeg","cane","0","mucca","6","fail"
"0949_cane.jpeg","cane","0","cane","0","pass"
"0950_farfalla.jpeg","farfalla","3","ragno","8","fail"
"0951_cavallo.jpeg","cavallo","1","cavallo","1","pass"
"0952_gallina.jpeg","gallina","4","gallina","4","pass"
"0953_ragno.jpeg","ragno","8","ragno","8","pass"
"0954_elefante.jpeg","elefante","2","elefante","2","pass"
"0955_farfalla.jpg","farfalla","3","farfalla","3","pass"
"0956_ragno.jpeg","ragno","8","ragno","8","pass"
"0957_pecora.jpeg","pecora","7","pecora","7","pass"
"0958_gallina.jpeg","gallina","4","gallina","4","pass"
"0959_gatto.jpeg","gatto","5","gatto","5","pass"
"0960_pecora.jpeg","pecora","7","pecora","7","pass"
"0961_mucca.jpeg","mucca","6","mucca","6","pass"
"0962_gallina.jpeg","gallina","4","gallina","4","pass"
"0963_gallina.jpeg","gallina","4","cane","0","fail"
"0964_scoiattolo.jpeg","scoiattolo","9","scoiattolo","9","pass"
"0965_pecora.jpeg","pecora","7","pecora","7","pass"
"0966_farfalla.jpeg","farfalla","3","farfalla","3","pass"
"0967_gallina.jpeg","gallina","4","gallina","4","pass"
"0968_ragno.jpeg","ragno","8","ragno","8","pass"
"0969_gatto.jpg","gatto","5","gatto","5","pass"
"0970_elefante.jpeg","elefante","2","cavallo","1","fail"
"0971_farfalla.jpeg","farfalla","3","farfalla","3","pass"
"0972_elefante.jpeg","elefante","2","elefante","2","pass"
"0973_elefante.jpeg","elefante","2","elefante","2","pass"
"0974_cane.jpeg","cane","0","cane","0","pass"
"0975_ragno.jpeg","ragno","8","ragno","8","pass"
"0976_cavallo.jpeg","cavallo","1","cavallo","1","pass"
"0977_farfalla.jpeg","farfalla","3","farfalla","3","pass"
"0978_cane.jpeg","cane","0","cane","0","pass"
"0979_scoiattolo.jpeg","scoiattolo","9","mucca","6","fail"
"0980_mucca.jpeg","mucca","6","mucca","6","pass"
"0981_scoiattolo.jpeg","scoiattolo","9","scoiattolo","9","pass"
"0982_ragno.jpeg","ragno","8","ragno","8","pass"
"0983_cavallo.jpeg","cavallo","1","cavallo","1","pass"
"0984_cavallo.jpeg","cavallo","1","cavallo","1","pass"
"0985_cavallo.jpeg","cavallo","1","cavallo","1","pass"
"0986_ragno.jpeg","ragno","8","ragno","8","pass"
"0987_mucca.jpeg","mucca","6","mucca","6","pass"
"0988_farfalla.jpeg","farfalla","3","farfalla","3","pass"
"0989_ragno.jpeg","ragno","8","ragno","8","pass"
"0990_pecora.jpg","pecora","7","elefante","2","fail"
"0991_scoiattolo.jpeg","scoiattolo","9","scoiattolo","9","pass"
"0992_mucca.jpeg","mucca","6","mucca","6","pass"
"0993_ragno.jpg","ragno","8","ragno","8","pass"
"0994_farfalla.jpeg","farfalla","3","farfalla","3","pass"
"0995_cane.jpeg","cane","0","cavallo","1","fail"
"0996_cavallo.jpeg","cavallo","1","cavallo","1","pass"
"0997_farfalla.jpg","farfalla","3","farfalla","3","pass"
"0998_cavallo.jpeg","cavallo","1","cavallo","1","pass"
"0999_gallina.jpeg","gallina","4","cane","0","fail"
