filename,label,original_filename
0000_ragno.jpeg,ragno,OIP-gxh7VpmIenEz2wetrFrHLwHaHz.jpeg
0001_cane.jpeg,cane,OIP-XvoUGU5fHnS5AILQwQfZFwHaJ4.jpeg
0002_cane.jpeg,cane,OIP-__Yu1XH3iAC10OzGQFpC-AHaE8.jpeg
0003_ragno.jpeg,ragno,OIP-TlsbOMIhrVJWLlhq3kEkLwHaEK.jpeg
0004_farfalla.jpeg,farfalla,OIP-4P7_7D5HO1WvKvQj9dL8kAHaFj.jpeg
0005_elefante.jpeg,elefante,OIP-1_h2MwnoPZ_fMYPIRAlPfgHaLH.jpeg
0006_cavallo.jpeg,cavallo,OIP-ekJA5TbhQZTMyM22fcbqfQHaFj.jpeg
0007_cane.jpeg,cane,OIP-j5fYLKf5UPYwNBMpwO1KRAHaHa.jpeg
0008_ragno.jpeg,ragno,OIP-trS6YbfnqjrO72iyOj09aQAAAA.jpeg
0009_cane.jpeg,cane,OIP-CEKtrx7b1G5_d5G5ksRGlAHaFj.jpeg
0010_ragno.jpeg,ragno,OIP-bzyx2_eAyTGzcUzeIMR6bwHaHa.jpeg
0011_ragno.jpeg,ragno,OIP-kZvBVU8raxfVXYBvdRNfYgEsCy.jpeg
0012_pecora.jpeg,pecora,OIP-JzYBdQYoAiklWTr40sRptgHaE6.jpeg
0013_cane.jpeg,cane,OIP-3lOIb0YQ2luQhQEP42OFlQHaFj.jpeg
0014_pecora.jpg,pecora,eb37b40a2cf41c22d2524518b7444f92e37fe5d404b0144390f8c078a0eabd_640.jpg
0015_gallina.jpeg,gallina,OIP-15nRmlLrTJ5msdj_P--o6wHaFj.jpeg
0016_cane.jpeg,cane,OIP-ED32KxHQltNBlPlby2rpjgHaFE.jpeg
0017_cane.jpeg,cane,OIP-qh6EAfSIxPoOYDQVPNKfwgHaHa.jpeg
0018_cane.jpeg,cane,OIP-nPeXaxj9Tx_JCShSrRAcfQHaEK.jpeg
0019_cavallo.jpeg,cavallo,OIP-lmWPLqo4Jh6ERVcMBE06bgAAAA.jpeg
0020_elefante.jpeg,elefante,OIP-I4axulCwmqzArS_Hm4ybhgHaE7.jpeg
0021_mucca.jpeg,mucca,OIP-3hTVZGoRUJ5rExY-uoon6QHaEB.jpeg
0022_ragno.jpeg,ragno,OIP-Ib9RDdS1oLv-C3_ddvOMuwHaFX.jpeg
0023_cane.jpeg,cane,OIP-uIWypFgYCMxqZS2V0kndmgHaG_.jpeg
0024_pecora.jpeg,pecora,OIP-Gula4XuRSI8RoIxUOjMjUQHaFg.jpeg
0025_cavallo.jpeg,cavallo,OIP-BUxZe8uQ214l-Lw1wUYdzwHaGD.jpeg
0026_ragno.jpeg,ragno,OIP-zhg4d3Fm5Y0cHof6-CSmVgHaFL.jpeg
0027_ragno.jpg,ragno,eb31b40e2cf6003ed1584d05fb1d4e9fe777ead218ac104497f5c97ca5ecb3b9_640.jpg
0028_ragno.jpeg,ragno,OIP-mu2TvSSaz9q6Wr1I6s_dewHaF0.jpeg
0029_pecora.jpeg,pecora,OIP-uBDA4VvyhRTOoWj9O0zhVwHaFL.jpeg
0030_gallina.jpeg,gallina,OIP-mv03IMhgelfxjelJmgh5RQEsDJ.jpeg
0031_cavallo.jpeg,cavallo,OIP-NumW8dm0ajP9yJ6zufeVHgHaE9.jpeg
0032_gatto.jpeg,gatto,212.jpeg
0033_pecora.jpeg,pecora,OIP-tuL9o6rwQVHvtoo9OkNxsQHaFj.jpeg
0034_farfalla.jpeg,farfalla,OIP-nb0zUCG9vof34VE-5prshQHaE7.jpeg
0035_cane.jpeg,cane,OIP-rQC_l5phMQ0YTDnXwuYP6AHaFj.jpeg
0036_scoiattolo.jpeg,scoiattolo,OIP-pLC-ApoT8QwD-tCfayZ3MwHaLG.jpeg
0037_cavallo.jpeg,cavallo,OIP-spXWXeDgpUIWVQjLf5ANkQHaKD.jpeg
0038_ragno.jpeg,ragno,OIP-5pzMcc5IHZmimbR0hhkELgAAAA.jpeg
0039_gallina.jpeg,gallina,OIP-bLtPMsS1KhN3T21UDrrXKAHaHe.jpeg
0040_gallina.jpeg,gallina,OIP-XOBrZE9UUb2_0yKFiXRvHQHaFj.jpeg
0041_farfalla.jpeg,farfalla,OIP-Yug5cUteWfrpkPeb-hbsxgHaFb.jpeg
0042_cavallo.jpeg,cavallo,OIP-HKHBQH_noKK4m6rkysPUlgHaFj.jpeg
0043_cavallo.jpeg,cavallo,OIP-BbtHdvuHHyklTLz49jebUwAAAA.jpeg
0044_scoiattolo.jpeg,scoiattolo,OIP-1bdfFKzkU_HfUimBYVivrAHaFH.jpeg
0045_farfalla.jpeg,farfalla,OIP-yLPxCv0d8yJGudDbf7LbKwHaFj.jpeg
0046_cane.jpeg,cane,OIP-K3sKgfvlVB12zJHfPwxCPwHaEJ.jpeg
0047_cane.jpeg,cane,OIP-dkPoin87cPGBN8AB_TTb9wHaFj.jpeg
0048_gallina.jpeg,gallina,OIP-75K-4y1cVG52BpcnuYpoxwHaJ4.jpeg
0049_cane.jpeg,cane,OIP-O8g3K7NgPenyYP56n37cPwHaFO.jpeg
0050_gallina.jpeg,gallina,OIP-75sJrJyQsMaBY4YItWW_AgHaE-.jpeg
0051_gallina.jpeg,gallina,569.jpeg
0052_ragno.jpeg,ragno,OIP-4yBxrJv3cDRr7oq3Dx_J6gHaHi.jpeg
0053_elefante.jpeg,elefante,OIP-ocZik9gD_TXCo5W1f9EiIAHaFj.jpeg
0054_cane.jpeg,cane,OIP-_3acmW_iSr12XgQTNz0IdQHaFj.jpeg
0055_ragno.jpeg,ragno,OIP-swsVWOGXMSrF_KPhfUpRNwHaFs.jpeg
0056_gatto.jpeg,gatto,584.jpeg
0057_mucca.jpeg,mucca,OIP-5m3MtWCVCZGpwddwkDa-PwHaEq.jpeg
0058_cane.jpeg,cane,OIP-JQDM6DSmu9aUN6a2bYxVDgHaHW.jpeg
0059_gallina.jpeg,gallina,OIP-CYteIgppr9LIAnD91LIxaAHaHH.jpeg
0060_cane.jpeg,cane,OIP-LGAHNZns7AQN-UVY_SpCEQHaE7.jpeg
0061_pecora.jpeg,pecora,OIP-8TkMxktD999ofguBUsV5pQHaFN.jpeg
0062_farfalla.jpeg,farfalla,OIP-uOfFnonbS4oTN8ePuG4-rwHaE9.jpeg
0063_ragno.jpeg,ragno,OIP-5JtoMWJMBGohAE1Ug-oV6gAAAA.jpeg
0064_ragno.jpeg,ragno,OIP-uJbB_LkRtCc2tphbTCJG3wHaGC.jpeg
0065_gallina.jpeg,gallina,OIP-Y1IDEjif5sOAKA1_YRwB_gHaGa.jpeg
0066_pecora.jpeg,pecora,OIP-YcNEl8QYuNf1CNvUokAUZgHaFc.jpeg
0067_cavallo.jpeg,cavallo,OIP-KqeKmYfnRwKd89nLg8_zRAHaHb.jpeg
0068_ragno.jpeg,ragno,OIP-Mj_JhYslbL_Xbj5lBBziagHaFb.jpeg
0069_cane.jpeg,cane,OIP-oYENFJLU_1jMshgE1gpa_QHaFc.jpeg
0070_cane.jpeg,cane,OIP-AhGRNb859j8UBHcppIg-XQHaJ3.jpeg
0071_ragno.jpeg,ragno,OIP-vdQLJcXbLcUXAOZrUfxC_gHaD0.jpeg
0072_cavallo.jpeg,cavallo,OIP-B05mAbMu8rZeILmz2tzMMAHaE8.jpeg
0073_scoiattolo.jpeg,scoiattolo,OIP-OOM7q9tGu_aiCNGwD13HHwHaFa.jpeg
0074_farfalla.jpeg,farfalla,OIP-2nLtLk_jilzToow7kSOSgAHaE7.jpeg
0075_cane.jpeg,cane,OIP-LblW-kj_Lj5MPHtws8DfOwHaJ4.jpeg
0076_elefante.jpeg,elefante,OIP-Yio1IWV3YK1BJOiY2HLEwwHaE1.jpeg
0077_cane.jpeg,cane,OIP-sjQDGOKu-Kn438_GcmEOpgHaEk.jpeg
0078_gallina.jpeg,gallina,OIP---QC8fffuti7aIXLcrIhggHaFK.jpeg
0079_farfalla.jpeg,farfalla,OIP-ggzH-1UrygG-TlSDDUH9VwHaEy.jpeg
0080_gatto.jpeg,gatto,1422.jpeg
0081_ragno.jpg,ragno,ec33b5092bf11c22d2524518b7444f92e37fe5d404b0144390f8c47ba7ebb0_640.jpg
0082_gallina.jpeg,gallina,OIP-AIUE1GnVK0nNqe0dcViO6gHaFj.jpeg
0083_cavallo.jpeg,cavallo,OIP-JS5Fc8AakdRI2SUCnCqMFQHaGk.jpeg
0084_gallina.jpeg,gallina,OIP-AHuTAF94axbDH6pOkpqJ7QHaFe.jpeg
0085_gallina.jpeg,gallina,OIP-pCnRGXGV1rBeKIJHhx8GZwHaFj.jpeg
0086_cavallo.jpeg,cavallo,OIP-5w4861bwgkhhIXFkHjavngAAAA.jpeg
0087_ragno.jpeg,ragno,OIP-5KDvxPqrokUhTtH06pik2gHaFs.jpeg
0088_elefante.jpeg,elefante,OIP-aOvdG3XJYv146eAwHcRW3wHaE8.jpeg
0089_ragno.jpeg,ragno,OIP-wjvIPtydX5Ofrmzvw-F1lgHaFj.jpeg
0090_ragno.jpeg,ragno,OIP-ULsAkvFUQrOEGCZd-YvWXAHaDY.jpeg
0091_ragno.jpeg,ragno,OIP-v0tjXs_wtddd6yRAhxX6wAHaE6.jpeg
0092_cane.jpeg,cane,OIP-PYO2QxrLHBe-Z_D2OP-mPAHaHL.jpeg
0093_ragno.jpeg,ragno,OIP-i2onrsYRaesk8aJYr4EjWAHaE7.jpeg
0094_ragno.jpg,ragno,e833b60c2cf6093ed1584d05fb1d4e9fe777ead218ac104497f5c97ca5ecb5b1_640.jpg
0095_cavallo.jpeg,cavallo,OIP-cKD909tMafbJJsg6Hzum4QHaEK.jpeg
0096_mucca.jpeg,mucca,OIP-GHP3lw_zP6JNpJa7PDY1kAHaFj.jpeg
0097_ragno.jpeg,ragno,OIP-k_uC9Sw2KN-FZ-2iQSUj_AEqDR.jpeg
0098_elefante.jpeg,elefante,OIP-adaq4IuMkzFB3f9IyeCRcwHaD4.jpeg
0099_cavallo.jpeg,cavallo,OIP-v8-0dZvrtJQvIIbw5FyeRQHaC_.jpeg
0100_gatto.jpeg,gatto,519.jpeg
0101_gallina.jpeg,gallina,OIP-zWLfUk_v3RUz-PhLxMEd1AHaFj.jpeg
0102_elefante.jpeg,elefante,OIP-z4BZGwSwbr5mRB41zPhlrwHaE8.jpeg
0103_ragno.jpeg,ragno,OIP-25r-Ym8aSuIdVVqM1Cw9swHaFj.jpeg
0104_ragno.jpeg,ragno,OIP-20RWvsBlnCQIJQZSDySgZwHaE8.jpeg
0105_pecora.jpg,pecora,eb32b90e2ef3003ed1584d05fb1d4e9fe777ead218ac104497f5c978a6e8b0b1_640.jpg
0106_cavallo.jpeg,cavallo,OIP-fILMSp_hYCcvrY0ieLRzigHaF9.jpeg
0107_ragno.jpeg,ragno,OIP-q0SqZAjHxLPE4qSW70lMzwHaE8.jpeg
0108_farfalla.png,farfalla,eb35b3072dfd033ed1584d05fb1d4e9fe777ead218ac104497f5c97faeebb5bb_640.png
0109_scoiattolo.jpeg,scoiattolo,OIP-8H9U4_IuEAYT3xesEYZHfgHaEK.jpeg
0110_scoiattolo.jpeg,scoiattolo,OIP-yIFOn20fxhRcJ29O9uJx7gHaEo.jpeg
0111_cane.jpeg,cane,OIP-68YzscmyH2Ln1pT40ay3kAHaEs.jpeg
0112_elefante.jpg,elefante,ea37b30a29f0093ed1584d05fb1d4e9fe777ead218ac104497f5c978a4efb4bb_640.jpg
0113_cane.jpeg,cane,OIP-4VV9hXqt9sb69DRe05y2nAHaEW.jpeg
0114_farfalla.jpg,farfalla,ea37b80720f2043ed1584d05fb1d4e9fe777ead218ac104497f5c97faee8b1b8_640.jpg
0115_gallina.jpeg,gallina,OIP-i38BgL_eCy0jh-G5uVoBVwHaFj.jpeg
0116_elefante.jpg,elefante,ee37b1072bfc1c22d2524518b7444f92e37fe5d404b0144390f8c07aa4e5b0_640.jpg
0117_cane.jpeg,cane,OIP-Zmj7tNmO_c4zxzD1TSdo6gHaEo.jpeg
0118_cavallo.jpeg,cavallo,OIP-PfO1kSxosQeYRVp5MmqnAgHaFO.jpeg
0119_pecora.jpeg,pecora,OIP-Z_MVsMHpK6WeNwWCfJeWAwHaFj.jpeg
0120_ragno.jpeg,ragno,OIP-_lXPa85S_tfUS5d0PgVVCwHaE8.jpeg
0121_farfalla.jpeg,farfalla,OIP-k3UQW7iu7CUzCoYtxIvKoAHaE8.jpeg
0122_cavallo.jpeg,cavallo,OIP-eLv4fZhi9uN4MfW5RvOy8QHaE8.jpeg
0123_ragno.jpeg,ragno,OIP-gSC1XI5woc_9lk3MqZspBgHaH3.jpeg
0124_mucca.jpeg,mucca,OIP-dMqgKdcpE_sPyravYVx6bwHaE8.jpeg
0125_gallina.jpeg,gallina,OIP-z7r25MUl5U3OO1mBP46A7gAAAA.jpeg
0126_ragno.jpeg,ragno,OIP-EvSdpNE07CM1LRFKlkgJaQHaFP.jpeg
0127_gatto.jpg,gatto,ea36b30928f7003ed1584d05fb1d4e9fe777ead218ac104497f5c978a7e8b7bc_640.jpg
0128_cane.jpeg,cane,OIP-wYua6BInbuca9Jr0eWZrkAHaFj.jpeg
0129_elefante.jpeg,elefante,OIP-eLFrX-KvJGTNMFskVE7vUQHaE7.jpeg
0130_cane.jpeg,cane,OIP-Sz_Uj-WBRbyPALKxhXZF2QHaEK.jpeg
0131_elefante.jpg,elefante,e837b90a29fd083ed1584d05fb1d4e9fe777ead218ac104497f5c978a4eebdbd_640.jpg
0132_scoiattolo.jpeg,scoiattolo,OIP-uTQvk4Idu2YOnNMc_XahOQHaE7.jpeg
0133_pecora.jpg,pecora,e83cb90a28fc093ed1584d05fb1d4e9fe777ead218ac104497f5c978a6e8b0b1_640.jpg
0134_mucca.jpeg,mucca,OIP-71K2V63q6YbxoE3z6db5EQHaE8.jpeg
0135_elefante.jpeg,elefante,OIP-9StAGjbop--m-uwM9wFh9QHaFZ.jpeg
0136_scoiattolo.jpeg,scoiattolo,OIP-ChWNB_9hbPIJUNAIJGkPhgHaFj.jpeg
0137_pecora.jpeg,pecora,OIP-HS5L1by-XJtr8JYM8pBwfwHaFj.jpeg
0138_gallina.jpeg,gallina,OIP-Dizq2R1I2qhxGHmooD25RwHaIN.jpeg
0139_pecora.jpeg,pecora,OIP-i_JNSxHSxqIC0k5vtv69NgHaED.jpeg
0140_gallina.jpeg,gallina,OIP--WdLOBtQwss3emyf38shNwHaF7.jpeg
0141_gallina.jpeg,gallina,OIP-IhV84f2zZysn1XatVGsKlQHaH-.jpeg
0142_cavallo.jpeg,cavallo,OIP-wWvGwlvm8uPJe2Lk3UunlAAAAA.jpeg
0143_cane.jpeg,cane,OIP-Ge6iKUBVPSXExy8857AywgHaG9.jpeg
0144_mucca.jpeg,mucca,OIP-7UAq7jilIiY_9Q81GFQUawHaFt.jpeg
0145_mucca.jpeg,mucca,OIP-WuAbibr1sF9LzkKqS6PPzgHaFl.jpeg
0146_cane.jpeg,cane,OIP-xfSR8-AwvbpmGcaFrhRWkwHaGK.jpeg
0147_scoiattolo.jpeg,scoiattolo,OIP-1-XKqEofzul1OcwmtdqyVQHaE0.jpeg
0148_cane.jpeg,cane,OIP-TemRds5rKSiWkAiTt5LrYQHaHa.jpeg
0149_cane.jpeg,cane,OIP-d5LgzPYkKx2o8TaLj2vzLQHaE7.jpeg
0150_cavallo.jpeg,cavallo,OIP-B1Cq58oLnRC4kPysK1FG3gHaFo.jpeg
0151_ragno.jpeg,ragno,OIP-POOYRTYyIqvsEPv2_gmGsgHaHe.jpeg
0152_cavallo.jpeg,cavallo,OIP-Rjji48sU8FQHVUGU6F4TvQHaLG.jpeg
0153_scoiattolo.jpeg,scoiattolo,OIP-zyCc-DDxjCSB5m9DR3uNKQHaE8.jpeg
0154_ragno.jpeg,ragno,OIP-_CCJ0SNnDop7i56-cDPJjQHaIn.jpeg
0155_gallina.jpeg,gallina,OIP-DnN0A0Wkh_c3VVdls_ZIagHaHR.jpeg
0156_ragno.jpeg,ragno,OIP--ulVKiY1YDItEGxB7Cn26QEsEC.jpeg
0157_cane.jpeg,cane,OIP-Np-jMbJwF0LasJsevkgRzwHaFj.jpeg
0158_gallina.jpeg,gallina,OIP-WTrqF7EJxQ3DiS3Mw3vdIwHaFj.jpeg
0159_gallina.jpeg,gallina,OIP-8UIUzwFIopzNLY_pP76iWQHaEK.jpeg
0160_ragno.jpeg,ragno,OIP-WH0YNp19JVePpMS85Gvh3QEsDH.jpeg
0161_gatto.jpeg,gatto,372.jpeg
0162_mucca.jpeg,mucca,OIP-1hS_06m-_uOxvVd8iK_-PQHaG3.jpeg
0163_elefante.jpeg,elefante,OIP-vOCBwfzcWtqFZtfapdD3dwHaF7.jpeg
0164_pecora.jpeg,pecora,OIP-UvzHXLLJxdL8gbjhMEf3pQAAAA.jpeg
0165_cane.jpeg,cane,OIP-w3Q1g4dgGHCiV3eVW3j_kwHaEK.jpeg
0166_ragno.jpeg,ragno,OIP-_o4qJf9F3YnalAWgCp6CswHaFj.jpeg
0167_ragno.jpeg,ragno,OIP-9at1FokrVA2S-B2IbLzXngHaFp.jpeg
0168_cane.jpeg,cane,OIP-zdQUfAWn7xT6taYCv04wMgHaHb.jpeg
0169_ragno.jpeg,ragno,OIP-eEzMveRElX21u0OCZEq3cAEsDh.jpeg
0170_mucca.jpeg,mucca,OIP-ldqQ_gNjD_XTqSYR56rcBgHaE7.jpeg
0171_scoiattolo.jpeg,scoiattolo,OIP-YocGV66oI1W9WLKWYC_anAHaLG.jpeg
0172_elefante.jpg,elefante,eb32b3062cf5043ed1584d05fb1d4e9fe777ead218ac104497f5c978a4efb4bb_640.jpg
0173_scoiattolo.jpeg,scoiattolo,OIP-ewIpJjtqUuOjmmDm3XrCFwAAAA.jpeg
0174_ragno.jpeg,ragno,OIP-58kWUU2vYbcTPEiPIgV3fAHaE7.jpeg
0175_gallina.jpeg,gallina,OIP-ZeCCZIto-7J6fz4CCB8qzgHaFj.jpeg
0176_cane.jpeg,cane,OIP-yVkCAosfrY8twZOf_NbBuwHaEP.jpeg
0177_farfalla.jpeg,farfalla,OIP-zGMhX-rG1gdBG3kxgdhhiQHaEo.jpeg
0178_gatto.jpeg,gatto,693.jpeg
0179_cavallo.jpeg,cavallo,OIP-Mu_KOnmsDqL3W_tLo-vUDAHaEd.jpeg
0180_gatto.jpg,gatto,eb30b8092df4073ed1584d05fb1d4e9fe777ead218ac104497f5c978a7ebb0bb_640.jpg
0181_cane.jpeg,cane,OIP-qLp9ZPGlvzCgvRRp5pukyQHaJa.jpeg
0182_ragno.jpeg,ragno,OIP-sUUbTFrv4HsCW3Cf6uijHQHaE7.jpeg
0183_ragno.jpeg,ragno,OIP-NJ5rwMWeXPi-kY_1y78KrgHaHT.jpeg
0184_elefante.jpeg,elefante,OIP-mWRvhrLcX8xFhtV5BFOmVwAAAA.jpeg
0185_mucca.jpeg,mucca,OIP-w0bydgNBOJObvlDg_EPOlQHaEo.jpeg
0186_scoiattolo.jpeg,scoiattolo,OIP-ThVgY96L1hDZazbWAFtDmwHaE8.jpeg
0187_cavallo.jpeg,cavallo,OIP-z1W6sgECKNKjQl6jZJWpXgHaFj.jpeg
0188_mucca.jpeg,mucca,OIP-mNPSDsgK95jRbB-_5ItrFwHaFl.jpeg
0189_cane.jpeg,cane,OIP-FkZQUXtDHiQs4yRrjNToIgHaIH.jpeg
0190_ragno.jpeg,ragno,OIP-ytmfl7C5pbd46M8cK_yBmwHaFN.jpeg
0191_farfalla.jpeg,farfalla,OIP-uVK6VATYER8gaghGG5mE0QHaFj.jpeg
0192_ragno.jpeg,ragno,OIP-HDlrI7icnierVddv8yoXDgHaE7.jpeg
0193_ragno.jpg,ragno,ea36b4092ef6083ed1584d05fb1d4e9fe777ead218ac104497f5c97ca5edb3bd_640.jpg
0194_cavallo.jpeg,cavallo,OIP-bHm8Zc2aucFNOy5RggvMPwHaFj.jpeg
0195_gallina.jpeg,gallina,OIP-hCwKh2tsqPp90HDdJP38qwHaGl.jpeg
0196_scoiattolo.jpeg,scoiattolo,OIP-AovHprZMKbV4BLTtFoMCKgHaFj.jpeg
0197_cavallo.jpeg,cavallo,OIP-ZF2axKBKZ3KReJUGQR5vZAHaE8.jpeg
0198_mucca.jpeg,mucca,OIP-jwuKM3nVU5aQBi4mIz9UIgHaEt.jpeg
0199_scoiattolo.jpeg,scoiattolo,OIP-QUSgDOY5tDLRebOpGKNCNQHaFT.jpeg
0200_mucca.jpeg,mucca,OIP-8V9_3VNi56xXqzAk2OBS2gHaE-.jpeg
0201_cane.jpeg,cane,OIP-LDpU3ML5tsQpho-ftN-kswHaFj.jpeg
0202_ragno.jpeg,ragno,OIP-RyBGZuOEeZNn6o8tbEwTVwHaFi.jpeg
0203_farfalla.jpg,farfalla,ea36b7072ff7083ed1584d05fb1d4e9fe777ead218ac104497f5c97faee9bdba_640.jpg
0204_mucca.jpeg,mucca,OIP-nzMu2JxU9JzBfNZt_VH1WQHaE8.jpeg
0205_cane.jpeg,cane,OIP-Bw20NU2xLOGOcsPbdFPPHQHaE8.jpeg
0206_cane.jpeg,cane,OIP-ZYWcVvCt3P-TlEkYuq84swHaE9.jpeg
0207_gallina.jpeg,gallina,OIP-sYNIUwH1jF9CjdUxxWGccwHaIM.jpeg
0208_farfalla.jpeg,farfalla,OIP-tvNe8t0yELjDQZvgcUI_yQHaHa.jpeg
0209_elefante.jpeg,elefante,OIP-6C1sfpT5r4-51P8qCn9XBAHaEm.jpeg
0210_cane.jpeg,cane,OIP-SLnGq0VaR6RFe_qtE9dUZgHaE6.jpeg
0211_elefante.jpeg,elefante,OIP-RyfNCrmhaTe4Hoo5pJCh7gHaFU.jpeg
0212_pecora.jpeg,pecora,OIP-Lg7DJzea46X1dxkMmz12DAHaFi.jpeg
0213_cane.jpeg,cane,OIP-gmnNMXeL9jx29L_h_GlPpgHaJ4.jpeg
0214_cane.jpeg,cane,OIP-XVw_AoQnYIFb6LNQiRUmmwHaHI.jpeg
0215_ragno.jpg,ragno,e834b70a2ff1033ed1584d05fb1d4e9fe777ead218ac104497f5c97ca5ecb5b1_640.jpg
0216_mucca.jpeg,mucca,OIP-PhBY66HsuYRFnmwFQTsOqQHaFc.jpeg
0217_cane.jpeg,cane,OIP-6RUmganQyHjzEnr_M0p9nAHaEs.jpeg
0218_scoiattolo.jpeg,scoiattolo,OIP-BGnqQ7j53wCntjTP-ijcGgHaFj.jpeg
0219_mucca.jpeg,mucca,OIP-Tpo_INQU0iJ5Jl9n7JptXwHaFj.jpeg
0220_scoiattolo.jpeg,scoiattolo,OIP-LTaPy08y5B6M7rqTYVERdQHaE8.jpeg
0221_cane.jpeg,cane,OIP-sifO6fFXz47jt6lPlaDNegHaE7.jpeg
0222_cane.jpeg,cane,OIP-5STd8sbaUVIYqRiLmCkiiwHaEE.jpeg
0223_ragno.jpeg,ragno,OIP-A0CjTy-noxd-qGBPL0N98AHaFS.jpeg
0224_gatto.jpg,gatto,ea34b7062cf3073ed1584d05fb1d4e9fe777ead218ac104497f5c978a7e8b7bc_640.jpg
0225_pecora.jpeg,pecora,OIP-V9iVk6UWvxYKBfEa21I0-QHaFj.jpeg
0226_cavallo.jpeg,cavallo,OIP-FTFIfGzH8SwfDSpDj2e4jgHaHa.jpeg
0227_elefante.jpeg,elefante,OIP-9KrEzDWmmcL-gUhFHgxBOgHaJ4.jpeg
0228_mucca.jpeg,mucca,OIP-L5beub6y_9EvT8AZ2LRxBgHaF7.jpeg
0229_ragno.jpeg,ragno,OIP-JCEiFRseMZm0rAmCsVaFKgHaGO.jpeg
0230_gallina.jpeg,gallina,OIP-LvYE11dohM5jCx4MEX2WPQHaE7.jpeg
0231_cavallo.jpeg,cavallo,OIP-R-e73W7Z6TR6R_Mq5ByEmwHaFj.jpeg
0232_mucca.jpeg,mucca,OIP-G-64CzJZZ_M-qmJYhIib0AHaE-.jpeg
0233_scoiattolo.jpeg,scoiattolo,OIP-rk0CKszKEj3pBHSUfxW70wHaHa.jpeg
0234_ragno.jpeg,ragno,OIP-zq3YHLEyravl0psS7CMflgHaFj.jpeg
0235_ragno.jpeg,ragno,OIP-QKZq0b7RhZCpHS8ghW-elAHaE9.jpeg
0236_cavallo.jpeg,cavallo,OIP-6PzRk4rkE9pTBqmcX8aZVQHaEK.jpeg
0237_ragno.jpeg,ragno,OIP-yXSHITn05xvRF4YPNTX4FwHaE8.jpeg
0238_farfalla.jpeg,farfalla,OIP-gHzzHWbrn3f9h4jNok6DWAHaEo.jpeg
0239_gallina.jpeg,gallina,OIP-LhKqeovW1rQIcm8JT9P3AgHaGa.jpeg
0240_ragno.jpeg,ragno,OIP-M1X8_ytvZClTSByygWaBSgHaHa.jpeg
0241_gallina.jpeg,gallina,OIP-tpuoJACe98NhTNbyTXLvCgHaLJ.jpeg
0242_gatto.jpeg,gatto,941.jpeg
0243_mucca.jpeg,mucca,OIP-Ck5DjiaPLG3cz0eUoX8gCQHaEo.jpeg
0244_gatto.jpeg,gatto,1041.jpeg
0245_cane.jpeg,cane,OIP-vf3YDZGkkt2psrRhV2DHIQHaE7.jpeg
0246_elefante.jpeg,elefante,OIP-NGfo5C9BG276NGcTXo2COgHaE5.jpeg
0247_cavallo.jpeg,cavallo,OIP-UlkJ-_kZNs9qlkMFmUeq9gHaEK.jpeg
0248_cane.jpeg,cane,OIP-BNyq1_0cWZcg0C0ozh35KAHaEM.jpeg
0249_gallina.jpeg,gallina,1136.jpeg
0250_cane.jpeg,cane,OIP-DoNysnbcKX_lyNxDirI3owHaJd.jpeg
0251_pecora.jpg,pecora,eb3cb50b2df3043ed1584d05fb1d4e9fe777ead218ac104497f5c978a6e8b0b1_640.jpg
0252_pecora.jpeg,pecora,OIP-NCoWnDNEYJHrmWHMIeUNxAHaEd.jpeg
0253_elefante.jpeg,elefante,OIP-Et2v0BFyNDiIOvH0wLJd3wHaFj.jpeg
0254_pecora.jpeg,pecora,OIP-m6TPcjCpqkw4RwYuNsFobAHaFj.jpeg
0255_cavallo.jpeg,cavallo,OIP-HVU6iQb5pfosxjum2y6ahQHaEx.jpeg
0256_cane.jpeg,cane,OIP-gyAP_R053_g_asBpzX41xwHaGh.jpeg
0257_cane.jpeg,cane,OIP-oxQolKBts0jjR-DK6GL8iAHaJ4.jpeg
0258_ragno.jpeg,ragno,OIP-6trLsmK_cAvwZnlygEbudQHaHH.jpeg
0259_ragno.jpeg,ragno,OIP-fi7dzQ6Xs-7E1ZedF1TyVAHaGR.jpeg
0260_cane.jpeg,cane,OIP-uS1aI9SwGAguiXcu7Wb-WQHaEo.jpeg
0261_elefante.jpeg,elefante,OIP-qCrGGRKeAyaR-HmrAsg_IQHaDF.jpeg
0262_cane.jpeg,cane,OIP-OVhqUrhhhJK8uN6zZp0ISQHaD-.jpeg
0263_cane.jpeg,cane,OIP-4bHDx3ENWf1QTaBQj7daeQHaEj.jpeg
0264_farfalla.jpeg,farfalla,OIP-9BusWLHk-wx6KV90DqwIxwHaEo.jpeg
0265_cane.jpeg,cane,OIP-72ErGOUFB9bnO0-E_5hE9AHaE5.jpeg
0266_mucca.jpeg,mucca,OIP-BqZP4oqcnmxYA-FZe2o52QHaFh.jpeg
0267_elefante.jpeg,elefante,OIP-LEuNTgWXXum0YJDAVehlwQHaFj.jpeg
0268_farfalla.jpeg,farfalla,OIP-w1sZznXBXRD2TFAKLzTvZQHaGF.jpeg
0269_ragno.jpeg,ragno,OIP-J4fi1vrDW5ax2E5aGJy33AHaFj.jpeg
0270_mucca.jpeg,mucca,OIP-AqhBSJv6wtCP3vZrKFDsgQHaE7.jpeg
0271_cavallo.jpeg,cavallo,OIP-hegW8hg8lSMAjqECCM6kWAHaD5.jpeg
0272_mucca.jpeg,mucca,OIP-r5p1ZeN4LEt_trVS1FX8owHaE7.jpeg
0273_cane.jpeg,cane,OIP-4YnHu5bTs9jxYlQDEdmypgHaFj.jpeg
0274_ragno.jpg,ragno,eb3cb20728f3093ed1584d05fb1d4e9fe777ead218ac104497f5c97ca5ecb3b9_640.jpg
0275_pecora.jpeg,pecora,OIP-qJ50nb752TU7EPWAxCB9TwHaGJ.jpeg
0276_pecora.jpg,pecora,eb33b60c20f4083ed1584d05fb1d4e9fe777ead218ac104497f5c978a6e8b0b1_640.jpg
0277_gatto.jpeg,gatto,1669.jpeg
0278_elefante.jpeg,elefante,OIP-2NrzQIQwMuI65bLgGAldvQHaFB.jpeg
0279_scoiattolo.jpeg,scoiattolo,OIP-Wjodra-kheYnZ7QJ5OQpjwAAAA.jpeg
0280_gatto.jpeg,gatto,1229.jpeg
0281_gallina.jpeg,gallina,OIP-Y_FnOETZgKXNyapx78PrDQAAAA.jpeg
0282_cavallo.jpeg,cavallo,OIP-JWUV6Zu7rNgxUUPXDNw80gHaE9.jpeg
0283_cane.jpeg,cane,OIP-XPb5_MZwMY4VgQwwSPE6LQHaLN.jpeg
0284_cane.jpeg,cane,OIP-6qZi0v8ZyKd1qPO-5Bpg1QHaHa.jpeg
0285_ragno.jpeg,ragno,OIP-4H-roJJ610RP7u-AbJvZ5QHaE7.jpeg
0286_gallina.jpeg,gallina,OIP-EJmJ3QtdcIKThmKl7hN6vAHaFj.jpeg
0287_gallina.jpeg,gallina,OIP-B352nHynxWdmOoS5ZwyzfwHaE8.jpeg
0288_gallina.jpeg,gallina,OIP-_fB4cX2rutPB9Q9BBrcCjwHaFj.jpeg
0289_gallina.jpeg,gallina,OIP-N3wHw3sxDy1gWFPoUr0BTgHaFY.jpeg
0290_gatto.jpeg,gatto,215.jpeg
0291_ragno.jpeg,ragno,OIP-AJB5EC0LDHpJFSa1LMQtWgHaHS.jpeg
0292_cane.jpeg,cane,OIP-6N0zbA7RHuwqB7o2ffIKbAHaKf.jpeg
0293_ragno.jpeg,ragno,OIP-Jgbphj5GgndJO3xNKzggPAHaKd.jpeg
0294_ragno.jpeg,ragno,OIP-oOD92-xK5XQ0qX4UhjQJugHaHN.jpeg
0295_ragno.jpeg,ragno,OIP-GbHrzsIDj3gnfFbFQHJlfgHaFj.jpeg
0296_cane.jpeg,cane,OIP-ZGR0nj-S61PznMq2QWngTAHaLH.jpeg
0297_cane.jpeg,cane,OIP-f-eCnzlHoP28KrEe3G6HcwHaEl.jpeg
0298_gallina.jpeg,gallina,OIP-jAn8Cmk-UWS7ctatOeKegQHaFj.jpeg
0299_ragno.jpeg,ragno,OIP-WWOPElXAjGLWK4xurtEU-AHaGJ.jpeg
0300_gallina.jpeg,gallina,OIP-ZhJK7zqDMRlUyC3azn9eMQHaFj.jpeg
0301_cane.jpeg,cane,OIP-5hI4KOsaeyvSjy7_LiTJCgHaFm.jpeg
0302_elefante.jpg,elefante,e835b2082bf7093ed1584d05fb1d4e9fe777ead218ac104497f5c978a4eebdbd_640.jpg
0303_cavallo.jpeg,cavallo,OIP-lf7DN0gKBkUvNXplffttBgHaFj.jpeg
0304_cavallo.jpeg,cavallo,OIP-Kbwq1c4VCIH97yfHbXOxfQHaFP.jpeg
0305_mucca.jpeg,mucca,OIP-il-rm1rvn9K243tn7qFlIQHaFJ.jpeg
0306_gatto.jpeg,gatto,356.jpeg
0307_cane.jpeg,cane,OIP-y-c29urxEndaiXExBjGSVAHaEK.jpeg
0308_gallina.jpeg,gallina,OIP-LfVoSvEOssPS4SFh3wbf8wHaFj.jpeg
0309_cavallo.jpeg,cavallo,OIP-pIPaxMkVe_PO-JR326TUVgHaEK.jpeg
0310_farfalla.jpeg,farfalla,OIP-ohSYRMyf-TqRGCRcAUM39AHaE9.jpeg
0311_gatto.jpeg,gatto,996.jpeg
0312_elefante.jpeg,elefante,OIP-IEk2GIY2xhEYDd5qIJ4iowHaFj.jpeg
0313_cane.jpeg,cane,OIP-a8Glfu3rJtNrgKcYMuoXNQHaE9.jpeg
0314_gatto.jpeg,gatto,397.jpeg
0315_pecora.jpeg,pecora,OIP-n4rooJL5Orlu5OXfOyUGiAHaE7.jpeg
0316_cane.jpeg,cane,OIP-iy8-xu1CxQpcWnMjEVdm0gHaHK.jpeg
0317_cane.jpeg,cane,OIP-nsWwcJ-4SlXfUN9D-dfPlwHaFj.jpeg
0318_ragno.jpeg,ragno,OIP-MpWY8USoo7z6Ul6gsox6hwHaFB.jpeg
0319_pecora.jpg,pecora,ea35b30c2df6013ed1584d05fb1d4e9fe777ead218ac104497f5c978a6e8b0b1_640.jpg
0320_cane.jpeg,cane,OIP-Nizy-5xsCaliwe8VxECoEAHaIL.jpeg
0321_cane.jpeg,cane,OIP-NZSZqqXWdkcR5zwJg41KmAHaJd.jpeg
0322_scoiattolo.jpeg,scoiattolo,OIP-aLwSJHaJHTd1WIVZsn97bgHaJM.jpeg
0323_elefante.jpeg,elefante,OIP-Rrk3do6Og6e97wTMamoYygHaGt.jpeg
0324_cavallo.jpeg,cavallo,OIP-ofPwrcLq_iP3EsgLn_SZtQHaEo.jpeg
0325_gallina.jpeg,gallina,OIP-vCJae486JBI2PM_dy8xIrQHaLB.jpeg
0326_mucca.jpeg,mucca,OIP-G1KuBaGVWOrX5rL6pzpJqwHaFk.jpeg
0327_gatto.jpeg,gatto,555.jpeg
0328_cavallo.jpeg,cavallo,OIP-phBKpduSPQDWpfvM_Cp29gHaFd.jpeg
0329_gallina.jpeg,gallina,OIP-dstRicvCsHhXDym0mQWvrwHaFj.jpeg
0330_cane.jpeg,cane,OIP-182l4BlagJigdHNMl7UjHQHaE6.jpeg
0331_cavallo.jpeg,cavallo,OIP-8GfbxITVCXTbpMHjkchrMQHaHa.jpeg
0332_gallina.jpeg,gallina,OIP-BUBWrHsurz6sn5EydiXdtgHaGl.jpeg
0333_cane.jpeg,cane,OIP-5m4lkZ3Vmv23kZ0smeoydwHaKY.jpeg
0334_gallina.jpeg,gallina,OIP-78I-MaEPyU-Gtw73zMeLUwHaFj.jpeg
0335_elefante.jpeg,elefante,OIP-PZ8ugt0Z9sZjjROfByqTJAHaEK.jpeg
0336_scoiattolo.jpeg,scoiattolo,OIP-7t8QN3YO8TuAuyXISkli2wHaFj.jpeg
0337_scoiattolo.jpeg,scoiattolo,OIP-IUE1SpGbTD25S1WcmznFYwHaJu.jpeg
0338_gatto.jpeg,gatto,475.jpeg
0339_farfalla.jpg,farfalla,ea37b1082bf7083ed1584d05fb1d4e9fe777ead218ac104497f5c97faee8b1b8_640.jpg
0340_gallina.jpeg,gallina,OIP-J31uzi6nCTSeUcWEHtZXjwHaFj.jpeg
0341_ragno.jpeg,ragno,OIP-mDLOX4NbH8FxsMMaC_M-WAHaF6.jpeg
0342_ragno.jpeg,ragno,OIP-cUbPGt8tOgq4lNshAMnbwQHaF7.jpeg
0343_scoiattolo.jpeg,scoiattolo,OIP-kYj-cYbEb7EtIa3rvRy62wHaFB.jpeg
0344_pecora.jpg,pecora,e032b5082ef61c22d2524518b7444f92e37fe5d404b0144390f8c078a0eabd_640.jpg
0345_ragno.jpeg,ragno,OIP-1KTXbNyQHe62nVi7agRomwHaFj.jpeg
0346_ragno.jpeg,ragno,OIP-UQsaXXg6E05twXAV4dfobAHaE8.jpeg
0347_mucca.jpeg,mucca,OIP-gtZ_HvFuWyTB9orXq8kirgAAAA.jpeg
0348_cavallo.jpeg,cavallo,OIP-Y156rMlWam7MWXtUGU1MzwHaFw.jpeg
0349_cavallo.jpeg,cavallo,OIP-BX_yw0epxzy8oU7du0tfnAHaE_.jpeg
0350_farfalla.jpeg,farfalla,OIP-XH1xtiJuRA8kTfTZo_M9cgHaDj.jpeg
0351_cavallo.jpeg,cavallo,OIP-8aMp8VFjR0nW5J-dEeKsWAHaF6.jpeg
0352_cane.jpeg,cane,OIP-DSB_aqrsckO2t-GTZhQlOwHaEi.jpeg
0353_pecora.jpeg,pecora,OIP-yE0bZ_IfMtr-SL0VS3iAKwHaFj.jpeg
0354_ragno.jpeg,ragno,OIP-E4iziXlDMMwwC7pkaz5zegHaFj.jpeg
0355_pecora.jpeg,pecora,OIP-OSaXmEbZvFL_4lC_r4dMowHaFK.jpeg
0356_cane.jpeg,cane,OIP-bSdQY9lx02G7V2W-xY0I5AHaJ4.jpeg
0357_scoiattolo.jpeg,scoiattolo,OIP-mEqx_11WkCq3vJHNWV4YjgHaJF.jpeg
0358_farfalla.jpeg,farfalla,OIP-MDdaIdeJ1HYpIjc0HZyIiAHaFk.jpeg
0359_cane.jpeg,cane,OIP-zLa3jby0f-U-eir6Fj5_8gHaD3.jpeg
0360_cane.jpeg,cane,OIP-i4Ghe0StHKvClPt2C2eBVQHaFj.jpeg
0361_pecora.jpeg,pecora,OIP-zgHnNTa7Le97AjfxuwWbbAHaE7.jpeg
0362_gatto.jpg,gatto,ea36b70629f6003ed1584d05fb1d4e9fe777ead218ac104497f5c978a7eebdbb_640.jpg
0363_mucca.jpeg,mucca,OIP-OkhbgyklzkTGwioFETJgkwHaE1.jpeg
0364_mucca.jpeg,mucca,OIP-VyQJM10iIgRaJuxoKR422QHaFu.jpeg
0365_cavallo.jpeg,cavallo,OIP-d_rLrljMntgqNjQQYpqvpwAAAA.jpeg
0366_cane.jpeg,cane,OIP-vtPfv57YCsytoAj48qlRrgHaE9.jpeg
0367_mucca.jpeg,mucca,OIP-CaYBL2LKy_1xZDa1jzr-XQHaE6.jpeg
0368_cane.jpeg,cane,OIP-omLXxf89CTH8lD-2XZ846gHaD4.jpeg
0369_cavallo.jpeg,cavallo,OIP-8_saBW0FlZ8bhmUK4sWaVgHaEK.jpeg
0370_cane.jpeg,cane,OIP-t619o1E0RTDbL-0xqSwt3AHaK9.jpeg
0371_ragno.jpeg,ragno,OIP-3YIZtLVroUzPFm_Q2KZBTQEsEA.jpeg
0372_cane.jpeg,cane,OIP-gcNuyZsGf-xtvYP-pUSddQHaJ4.jpeg
0373_ragno.jpeg,ragno,OIP-pYJL3dBoS3Bm4dk6hTekDgHaGw.jpeg
0374_elefante.jpeg,elefante,OIP-CTCAYDCKqB3WBlJOXD3QgQHaEo.jpeg
0375_gallina.jpeg,gallina,OIP-QgLmBPmgt_XYhZCHeU1gbAAAAA.jpeg
0376_cane.jpeg,cane,OIP-eAs3BzSJCt4FPOVXO6caIwHaHA.jpeg
0377_pecora.jpg,pecora,eb33b9092cf4013ed1584d05fb1d4e9fe777ead218ac104497f5c978a6ebb3bf_640.jpg
0378_elefante.jpeg,elefante,OIP-BkWF1MSO6P9bsSuKTV8y2QHaEf.jpeg
0379_pecora.jpeg,pecora,OIP-E3CQZcjGji07HXCENCeQ3gHaEp.jpeg
0380_pecora.jpeg,pecora,OIP-sOrihKOkVELOgUmfo9jPhgHaE8.jpeg
0381_cane.jpeg,cane,OIP-oyzaR-fLTqZRhdBIA9EmUwHaG9.jpeg
0382_ragno.jpeg,ragno,OIP-8CBMyOmxD4etFC9Sp3KAxQAAAA.jpeg
0383_cane.jpeg,cane,OIP-NISeiZQbo4uwcohIOaqQsAHaJ4.jpeg
0384_gallina.jpeg,gallina,OIP-A1jAC4b4UTqAhb3EN7Jp9gHaFj.jpeg
0385_ragno.jpeg,ragno,OIP-OQkV42kPr4dADopolvElPAHaE7.jpeg
0386_pecora.jpg,pecora,eb33b7092cfc073ed1584d05fb1d4e9fe777ead218ac104497f5c978a6ebb3bf_640.jpg
0387_pecora.jpeg,pecora,OIP-gS7ajgzWy8icJM5Vfa7VrgHaCq.jpeg
0388_mucca.jpeg,mucca,OIP-EzimT9JtKs3PXeQ77YWNcAAAAA.jpeg
0389_farfalla.jpeg,farfalla,OIP-poWbJLwAJ2I0PscHcMUAsAHaHa.jpeg
0390_elefante.jpeg,elefante,OIP-uP76278ztNBXw4IUtnR_qwHaFj.jpeg
0391_cavallo.jpeg,cavallo,OIP-BnKDDighxyYIZPKTN5sk6wHaFj.jpeg
0392_ragno.jpeg,ragno,OIP-O3QQUy1rW6ddI8e8ysT_8AHaEL.jpeg
0393_ragno.jpeg,ragno,OIP-KDjyV1BCjvHGwBjQ7zBTIgHaE8.jpeg
0394_farfalla.jpeg,farfalla,OIP-cgVnkaB7_2hEJ-7lhGelNgHaFj.jpeg
0395_elefante.jpg,elefante,eb3cb30c21f4073ed1584d05fb1d4e9fe777ead218ac104497f5c978a4efbcb0_640.jpg
0396_elefante.jpeg,elefante,OIP-ysaCOurFtmn4JKvx1sFyhgHaFc.jpeg
0397_gallina.jpeg,gallina,OIP-sM-S7r4AWXVbWR9GZZuGZgHaFj.jpeg
0398_cane.jpeg,cane,OIP-bm7-FaOdm8KaPMSzaWoauwHaE8.jpeg
0399_ragno.jpeg,ragno,OIP-vrXC7GYV2IvKWIRsXSp01wHaFS.jpeg
0400_farfalla.jpeg,farfalla,OIP-lTqHkj2KKrSnpInpumFPVwHaEK.jpeg
0401_gatto.jpeg,gatto,535.jpeg
0402_farfalla.jpeg,farfalla,OIP-MnH-NNFfS-Uv-oUClc7A7QHaFF.jpeg
0403_scoiattolo.jpeg,scoiattolo,OIP-hVt50hcCVwjNEryItD1Y0gHaE9.jpeg
0404_cane.jpeg,cane,OIP-Y2UHogHXkksuZDA2NGw-dgHaHa.jpeg
0405_cane.jpeg,cane,OIP-wzg3Nx2Cjpp72llQtkl3YQHaIp.jpeg
0406_gatto.jpeg,gatto,1600.jpeg
0407_ragno.jpeg,ragno,OIP-VkBx2ZZScj-e1GTIIpDnbgHaE7.jpeg
0408_pecora.jpeg,pecora,OIP--h_pNPwpz09mfVnFcSwxrgHaFj.jpeg
0409_cane.jpeg,cane,OIP-7ZXjMusna2TPO1Y8peYf-wHaFj.jpeg
0410_cane.jpeg,cane,OIP-3i-LDm_yo0nvdQigyjbNvQHaE7.jpeg
0411_mucca.jpeg,mucca,OIP-1yYkpcirl-rkMefYoySvPwHaEo.jpeg
0412_cavallo.jpeg,cavallo,OIP-uW_r0HI7BUHYGldmtwcXRAHaFj.jpeg
0413_mucca.jpeg,mucca,OIP-fGiOu6o3bWD4FbfwVSSvNgHaFJ.jpeg
0414_cane.jpeg,cane,OIP-QqBlp-0lJ1ntgLH8GLyrxQHaE6.jpeg
0415_gallina.jpeg,gallina,OIP-lzNLIe_vySMcitY9uEqapgHaFj.jpeg
0416_cane.jpeg,cane,OIP-Z_whLA35A_7m4wZIqMHDygHaFO.jpeg
0417_elefante.jpeg,elefante,OIP-Mg6gYtXGSKCnqQi3XoKdkAHaEr.jpeg
0418_gallina.jpeg,gallina,OIP-SItM-5tVy1LCFmDlCeOsggHaFj.jpeg
0419_farfalla.jpeg,farfalla,OIP-klam-nw1WfRI1d3PVby1XgHaFj.jpeg
0420_cavallo.jpeg,cavallo,OIP-H-EDrXFmTX5w5QM8ylJhCgHaLh.jpeg
0421_gatto.jpeg,gatto,25.jpeg
0422_pecora.jpeg,pecora,OIP-twOQJHvgoI41iSkx5EcINgHaKF.jpeg
0423_ragno.jpeg,ragno,OIP-8jMHIdWxND3Y6gLdbYATFwHaEK.jpeg
0424_farfalla.jpeg,farfalla,OIP-GhKZaxSGBMfdt6ltTe2tIAHaE7.jpeg
0425_ragno.jpeg,ragno,OIP-wjPDUBEWA3u7I8fQ6sZQJAHaE8.jpeg
0426_ragno.jpeg,ragno,OIP-Ll9IyORXdVVLRpES9AnuDAHaGT.jpeg
0427_mucca.jpeg,mucca,OIP-Wc6ByVv1NTaIMUOTHoDaQQHaJD.jpeg
0428_cane.jpeg,cane,OIP-F11D8CU9n7NANkLny6hLMwHaE7.jpeg
0429_ragno.jpeg,ragno,OIP-exykQpumJULMuMBb4yzACQHaGw.jpeg
0430_pecora.jpeg,pecora,OIP-Q-z_4a8001pkpcxQcqvo0QHaC1.jpeg
0431_farfalla.jpeg,farfalla,OIP-xTvQNBk_VuZhvbDvdud2bwHaEK.jpeg
0432_ragno.jpeg,ragno,OIP-OAUhHTgSEUtmZwIz9BcCSQHaE6.jpeg
0433_cane.jpeg,cane,OIP-Lxfnt4nWwrFqDE_rDo_jnAAAAA.jpeg
0434_cane.jpeg,cane,OIP-o4DDKlx10QnWkBc4yy4ZRQHaFj.jpeg
0435_elefante.jpeg,elefante,OIP-8Xbv6lcHBI2DlbcOEaRxeQHaFT.jpeg
0436_cane.jpeg,cane,OIP-JSVgcdTC8Tu_tWm6fAovMgHaHa.jpeg
0437_cane.jpeg,cane,OIP-DzVLTnFEyhcAHrWg76hvbAHaE7.jpeg
0438_scoiattolo.jpeg,scoiattolo,OIP-QpzgP6gfWZfAtzl_TAalqAHaIa.jpeg
0439_cavallo.jpeg,cavallo,OIP-LVA8YkOXLqr-PiroNodLCAAAAA.jpeg
0440_elefante.jpeg,elefante,OIP-38W4e7cY2Bxhl6Mip3skXgHaF3.jpeg
0441_farfalla.jpeg,farfalla,OIP-TLpb152s1Gouy4zfb4qhEgHaEo.jpeg
0442_ragno.jpeg,ragno,OIP-BhQ-gqRR3_wdUSTYJwTv1QHaG3.jpeg
0443_cavallo.jpeg,cavallo,OIP-TH9NjAh3mju8N8Wk9Hl56AHaEK.jpeg
0444_ragno.jpeg,ragno,OIP-0PIIz78MuYqCPg8vmFmABQHaEs.jpeg
0445_gallina.jpeg,gallina,386.jpeg
0446_cavallo.jpeg,cavallo,OIP-BbRFK5n-WfDwnD1_HL5QhAHaFj.jpeg
0447_ragno.jpeg,ragno,OIP-h5AxK0ZA6O4vdJpWO6tjXAHaEL.jpeg
0448_ragno.jpeg,ragno,OIP-vJBEI2brmXqNU5h4kqebgAHaGF.jpeg
0449_elefante.jpg,elefante,eb3cb30728fd003ed1584d05fb1d4e9fe777ead218ac104497f5c978a4eebdbd_640.jpg
0450_mucca.jpeg,mucca,OIP-8_zgdxfbHPditvk7dlI2ewHaHZ.jpeg
0451_mucca.jpeg,mucca,OIP-CO-hSSW2qn9bJk97qxuNqQHaF7.jpeg
0452_elefante.jpeg,elefante,OIP-ItsigrPgPmSJRrcIHhVTSwHaEC.jpeg
0453_cane.jpeg,cane,OIP-QO80_lmW6v25AE0GeqW1tQHaE7.jpeg
0454_cane.jpeg,cane,OIP-pHY8kUqE1GlWY5mk_Fbs7QHaHw.jpeg
0455_ragno.jpg,ragno,ea36b5072ff3083ed1584d05fb1d4e9fe777ead218ac104497f5c97ca5edb3bd_640.jpg
0456_farfalla.jpeg,farfalla,OIP-iV8MrAuqFWCoyQF1eTFQdgHaFj.jpeg
0457_cane.jpeg,cane,OIP-AEtoGZescmP__bbZdJoBCAHaLH.jpeg
0458_cane.jpeg,cane,OIP-jaQjsoKKg4qG5jCFuOz8mgAAAA.jpeg
0459_farfalla.jpeg,farfalla,OIP-h3qpeRSqR8MfHBfPTG1vSAHaEo.jpeg
0460_scoiattolo.jpeg,scoiattolo,OIP-_CygoxlOH2ORAFiulW4WpQHaFI.jpeg
0461_cane.jpeg,cane,OIP-rMFkpyJAnpCJcNwVgLhoMAHaJ4.jpeg
0462_ragno.jpeg,ragno,OIP-sEu5WsW4rXMoB77g4EADCAHaJy.jpeg
0463_elefante.jpeg,elefante,OIP-Pg5r7fS5oMEtdpU_9wyf0wHaEv.jpeg
0464_cavallo.jpeg,cavallo,OIP-lpCLUlu-xDFxjr-RRix-9AHaE8.jpeg
0465_ragno.jpeg,ragno,OIP-DXWvLExgYzagCbDaoviXPAHaDz.jpeg
0466_gatto.jpeg,gatto,781.jpeg
0467_pecora.jpeg,pecora,OIP-ZkLJCBJl_tUYOjVb29kOeQHaFj.jpeg
0468_ragno.jpeg,ragno,OIP-NNs8QplJkorWckbGKh7QJgHaE8.jpeg
0469_gallina.jpeg,gallina,OIP-CbIOp1w7oqxkFEda7NIWdgHaFj.jpeg
0470_pecora.jpeg,pecora,OIP-Jv2JUvB-zds8Mb0jvEAJIwAAAA.jpeg
0471_cane.jpeg,cane,OIP-_qh7qG7BvI7m-yU1HyADpQHaGZ.jpeg
0472_cane.jpeg,cane,OIP-8Fz9n_DQ0HGnwTUbaI_KcwHaI3.jpeg
0473_ragno.jpg,ragno,ea34b80a28f7043ed1584d05fb1d4e9fe777ead218ac104497f5c97ca5edb3bd_640.jpg
0474_cavallo.jpeg,cavallo,OIP-FMTVdYMUo6lfRnLq6wi25wHaEq.jpeg
0475_pecora.jpeg,pecora,OIP-wmCOSO6JZcs--PvuT55uPwHaFj.jpeg
0476_cane.jpeg,cane,OIP-PdzGeDdG5Aw1Ohvs0HjtuAHaHa.jpeg
0477_gallina.jpeg,gallina,OIP-m5Ixatw6OBc43EG3_My5SQHaC7.jpeg
0478_pecora.jpg,pecora,ea36b50821fd093ed1584d05fb1d4e9fe777ead218ac104497f5c978a6ebb3bf_640.jpg
0479_pecora.jpg,pecora,eb34b40c2bfd063ed1584d05fb1d4e9fe777ead218ac104497f5c978a6eab2b0_640.jpg
0480_cane.jpeg,cane,OIP-rQ5I3t-i1MAJAqkO_4eTLgHaFt.jpeg
0481_gallina.jpeg,gallina,OIP-SKEGN8ha0ZzvtuzgGWCC7AHaE-.jpeg
0482_cane.jpeg,cane,OIP-62qwsH-Jer73I3xehJsPNwAAAA.jpeg
0483_cane.jpeg,cane,OIP-Fbu_n9C7ANDF8F1NjW3vOQHaJN.jpeg
0484_farfalla.jpeg,farfalla,OIP-Gmigp3Budjj6hXzD3BPsxQHaE6.jpeg
0485_gallina.jpeg,gallina,OIP-afp9DlfG7TxQJkU5yG9powHaGv.jpeg
0486_scoiattolo.jpeg,scoiattolo,OIP-Kqs4mMvz5hJ0ruv8RWao3QHaFO.jpeg
0487_cane.jpeg,cane,OIP-lyN0Lr8TqiuyxRtdKwp3uQHaLH.jpeg
0488_gallina.jpeg,gallina,OIP-wu_w7ncADQ9Vh5QqcCCXbgHaE8.jpeg
0489_cavallo.jpeg,cavallo,OIP-CLR3KKmuwTWy1NZzLuSWLAHaE8.jpeg
0490_ragno.jpeg,ragno,OIP-MktEsZ9eQtFDPLU71DNOAwHaEh.jpeg
0491_elefante.jpeg,elefante,OIP-tJ0a9xrrbME6dIn969HNhgHaHX.jpeg
0492_ragno.jpg,ragno,ea34b60a2ef6053ed1584d05fb1d4e9fe777ead218ac104497f5c97ca5edb3bd_640.jpg
0493_cane.jpeg,cane,OIP-w76Pb-FCCZrSG0tO0-i3tAHaIo.jpeg
0494_gallina.jpeg,gallina,OIP-coBO7uFplqKPqZoHXMSyyQDhEs.jpeg
0495_scoiattolo.jpeg,scoiattolo,OIP--BewaL4z8PUx9v6947smEwHaFj.jpeg
0496_pecora.jpg,pecora,ea36b50e2ef5033ed1584d05fb1d4e9fe777ead218ac104497f5c978a6e8b0b1_640.jpg
0497_gallina.jpeg,gallina,OIP-1eurQbzoAUhZgeWBCzwspQHaFV.jpeg
0498_ragno.jpeg,ragno,OIP-dPeb9995k8qJQ8NG04qcxQHaF0.jpeg
0499_scoiattolo.jpeg,scoiattolo,OIP-L7MNu57HfPYY4WdQHWjPEAHaEK.jpeg
0500_cavallo.jpeg,cavallo,OIP-WTi5QemyvV0Tj8vQO3Bo2QHaFj.jpeg
0501_elefante.jpeg,elefante,OIP-f3zEFeVW83xexBql-iqfmQHaE7.jpeg
0502_cavallo.jpeg,cavallo,OIP-SL15P4vJgdnwJAcsGvpCjgHaF5.jpeg
0503_cavallo.jpeg,cavallo,OIP-RGfGBUWpNoWHVivHSsoIIQHaFk.jpeg
0504_gallina.jpeg,gallina,OIP-oFJRs90B6RMk5ZdShl4g2QHaFj.jpeg
0505_cane.jpeg,cane,OIP-m-dpISThj4-4GxWwUdVsjgHaNL.jpeg
0506_cavallo.jpeg,cavallo,OIP-fsz0lhah74EOvb39imhWkQHaLa.jpeg
0507_ragno.jpeg,ragno,OIP-H-lOD8RAB1ZWa00kF6NtBQHaFL.jpeg
0508_farfalla.jpeg,farfalla,OIP-rbx4jfifCT2_fEGFkoh4wQHaFD.jpeg
0509_scoiattolo.jpeg,scoiattolo,OIP-2hYbvCNdpbzTxYA5QyUAYAHaFj.jpeg
0510_gallina.jpeg,gallina,OIP-U67h6AxgUAvW9Pr1AERU2QHaEK.jpeg
0511_ragno.jpeg,ragno,OIP-m7HSUv9fTmc1GLblNHvDygHaHT.jpeg
0512_ragno.jpeg,ragno,OIP-TpmGPXmW6eQgN2Mfltoi3gHaE8.jpeg
0513_elefante.jpeg,elefante,OIP-89asCLfqVX9Y8ibOucuOXwHaFR.jpeg
0514_elefante.jpeg,elefante,OIP-xdIAwrUoJuQtLE4ocYz86QHaE3.jpeg
0515_cavallo.jpeg,cavallo,OIP-GKKS5qU2e-sIz5zv7twwNAAAAA.jpeg
0516_scoiattolo.jpeg,scoiattolo,OIP-eJR5RZOJvwgWEGba8QdJ3gHaGB.jpeg
0517_ragno.jpg,ragno,eb32b20e2cf0093ed1584d05fb1d4e9fe777ead218ac104497f5c97ca5ecb3b9_640.jpg
0518_cane.jpeg,cane,OIP-j9DWcaiwxPTVQAIKU9eSWQHaHa.jpeg
0519_gallina.jpeg,gallina,OIP-hUdgUvLrvY7PL5qoCP9d8gHaE7.jpeg
0520_cane.jpeg,cane,OIP-g0h1fhuIuleYFlgBLdZWkgHaE7.jpeg
0521_gatto.jpg,gatto,e83db40929f7053ed1584d05fb1d4e9fe777ead218ac104497f5c978a7eebdbb_640.jpg
0522_cavallo.jpeg,cavallo,OIP---MGqQIhmz3OEPYP-46_xwHaFj.jpeg
0523_cavallo.jpeg,cavallo,OIP-mmKjLOMmmDjimLhJTbqWzgAAAA.jpeg
0524_gatto.jpg,gatto,ea36b70c2ff3063ed1584d05fb1d4e9fe777ead218ac104497f5c978a7eebdbb_640.jpg
0525_gallina.jpeg,gallina,OIP-asao0cAbicGz6tiJzgZZXAHaFj.jpeg
0526_farfalla.jpg,farfalla,ea37b70728f0063ed1584d05fb1d4e9fe777ead218ac104497f5c97faeebb5bb_640.jpg
0527_scoiattolo.jpeg,scoiattolo,OIP-SgfYZpuVMA1JZyacN_3XsgHaFj.jpeg
0528_cavallo.jpeg,cavallo,OIP-UcRuVw4LKiYQW1vuUI61KAHaGZ.jpeg
0529_cavallo.jpeg,cavallo,OIP-gOkl8jRPprA3IOeny4dqLQAAAA.jpeg
0530_cane.jpeg,cane,OIP-fk2G_5B5_sJRsqu2041GRQHaE8.jpeg
0531_ragno.jpeg,ragno,OIP-ein1frrZTNwDUZisFNczUwHaE1.jpeg
0532_cavallo.jpeg,cavallo,OIP-ptTtB_aFOUuUd-fEn7gLVgHaJe.jpeg
0533_gallina.jpeg,gallina,OIP-Zd6-QWtR4AZaUmTXB45qegHaFj.jpeg
0534_farfalla.jpeg,farfalla,OIP-Au9XkRr9Z6VRMGeOd2NWaAHaGo.jpeg
0535_farfalla.png,farfalla,eb32b9062ff4073ed1584d05fb1d4e9fe777ead218ac104497f5c97faee8b1b8_640.png
0536_cane.jpeg,cane,OIP-qrZCzKudO_jKXqkfTADZoQAAAA.jpeg
0537_scoiattolo.jpeg,scoiattolo,OIP-U3ITOwR0lHBEdsM5g9_k5wHaEK.jpeg
0538_farfalla.jpeg,farfalla,OIP-ZvYBiAU1Y2VGNnTc2ef7sQHaE8.jpeg
0539_gallina.jpeg,gallina,OIP-Ydfsh6j2HZ21vdVQWDt0cAHaFg.jpeg
0540_ragno.jpeg,ragno,OIP-Va_nMEyZLi5unR-qGqOliQHaE9.jpeg
0541_mucca.jpeg,mucca,OIP-twKy0TrzM9PBtgd0evaJYQAAAA.jpeg
0542_gallina.jpeg,gallina,OIP-R5f0RJsMIm4aIxSvD6D6SQHaG3.jpeg
0543_ragno.jpeg,ragno,OIP-JOCExBmMzTpCWdFvrRdKJQHaGW.jpeg
0544_mucca.jpeg,mucca,OIP-UxbPWzAc_Jp0oQdNzTWMnAHaHa.jpeg
0545_farfalla.jpeg,farfalla,OIP-hUrjT_QVKNSz8hBaRr_LmQHaLH.jpeg
0546_cane.jpeg,cane,OIP-eB1zsFmH65xeYst2eO1augHaEg.jpeg
0547_cane.jpeg,cane,OIP-rgIkOI5KfRjdAekWFPCUtAHaI3.jpeg
0548_elefante.jpeg,elefante,OIP-Lbhfmoj1wIbVE55UJcTWhAHaFm.jpeg
0549_cavallo.jpeg,cavallo,OIP-EAcm0tgjQ8k6cYvwvyvPEwHaHN.jpeg
0550_pecora.jpeg,pecora,OIP-6XsAcjZUbH2Kq7ossnPykQHaF7.jpeg
0551_elefante.jpg,elefante,eb32b30e2bf7063ed1584d05fb1d4e9fe777ead218ac104497f5c978a4eebdbd_640.jpg
0552_cane.jpeg,cane,OIP-aUFx6UG7auu2yrLxURcFSQHaF0.jpeg
0553_cane.jpeg,cane,OIP-tJ0BiAa0APOi3GNhtEYA_wHaE7.jpeg
0554_ragno.jpeg,ragno,OIP-AQ6YTeD1EAH_NDstC7B22wHaFj.jpeg
0555_gatto.jpeg,gatto,1788.jpeg
0556_gallina.jpeg,gallina,OIP-02eikDZOzCE3zTkjL-58WgHaNK.jpeg
0557_ragno.jpeg,ragno,OIP-XVrvt-q-XM4SfnBaSVeM-wEqEs.jpeg
0558_scoiattolo.jpeg,scoiattolo,OIP-ephKOxEDvOgeCQsOGmdvlQAAAA.jpeg
0559_farfalla.jpg,farfalla,ea37b80d21f3013ed1584d05fb1d4e9fe777ead218ac104497f5c97faee8b1b8_640.jpg
0560_gatto.jpeg,gatto,687.jpeg
0561_ragno.jpeg,ragno,OIP-HaamHkxcQ5EiNKR5b5rOnwHaFm.jpeg
0562_mucca.jpeg,mucca,OIP-AIn-Y4fy0T-6kJr5Y5NVwwHaEs.jpeg
0563_cane.jpeg,cane,OIP-da8AqqZifWSELQGd3mafiwAAAA.jpeg
0564_gallina.jpeg,gallina,OIP-iqxiW5nQDRYwVmTfqCtwaQHaF_.jpeg
0565_pecora.jpeg,pecora,OIP-5k8kIynwIRyAVbeLU1B1ywHaFj.jpeg
0566_cavallo.jpeg,cavallo,OIP-6Nq1ZBalkb6pcX06ZoA8OwHaFh.jpeg
0567_elefante.jpeg,elefante,OIP-wNFVMamXuzTG7X_rv12qzAHaE7.jpeg
0568_cane.jpeg,cane,OIP-xTR1fqUr8Ys0ho1-s_PcWwDhEs.jpeg
0569_ragno.jpeg,ragno,OIP-cpE0KMbYZpML5ONYXvrZBwEyDM.jpeg
0570_gatto.jpeg,gatto,956.jpeg
0571_cane.jpeg,cane,OIP-EiwZndT9s3WXGKWnLrDx5QHaHa.jpeg
0572_mucca.jpeg,mucca,OIP-NYehmNJN67qbKUdNOQCg1wHaE8.jpeg
0573_mucca.jpeg,mucca,OIP-VzdfVdQQsIk7IoQIHfZnWAHaE9.jpeg
0574_ragno.jpeg,ragno,OIP-KJOuYFhRRcHKK_AgLxgx1wHaEv.jpeg
0575_ragno.jpeg,ragno,OIP-yWF_EEgza7h9rU5I4X7AkAHaHQ.jpeg
0576_ragno.jpeg,ragno,OIP-XqA4D3bfoeGFjG54UBsCMwHaEK.jpeg
0577_ragno.jpeg,ragno,OIP-RxjIlEcFGjtgAktQl7oN2AHaFj.jpeg
0578_ragno.jpg,ragno,ea36b30e2dfd053ed1584d05fb1d4e9fe777ead218ac104497f5c97ca5edb3bd_640.jpg
0579_cavallo.jpeg,cavallo,OIP-fMotJcp28N4AdrsF_ik4XgHaEK.jpeg
0580_gallina.jpeg,gallina,OIP-sKl_9z9dZrByea_zJIofWQHaJN.jpeg
0581_gallina.jpeg,gallina,OIP-3VZIW6grsBUsnc2Gp710vAHaFj.jpeg
0582_cane.jpeg,cane,OIP-1sZ8l7JY81pPmZZZa3r09AHaJ4.jpeg
0583_ragno.jpeg,ragno,OIP-XilmLIuZU0C9SsUox87L9AHaEK.jpeg
0584_farfalla.jpg,farfalla,ea37b80b2ff4053ed1584d05fb1d4e9fe777ead218ac104497f5c97faee8b1b8_640.jpg
0585_ragno.jpeg,ragno,OIP-mjCdW55UO5HzD3yntNL2FwEsDH.jpeg
0586_farfalla.jpg,farfalla,ea34b80b2cfc093ed1584d05fb1d4e9fe777ead218ac104497f5c97faee8b1b8_640.jpg
0587_cane.jpeg,cane,OIP-5ubgVLVLbjPdDHS2UFjXNAHaEK.jpeg
0588_ragno.jpeg,ragno,OIP-BNneesp-bxqTi56ME9nQJQHaE7.jpeg
0589_farfalla.jpeg,farfalla,OIP-2qYEjPwCw9W76LYFjAasCAHaFj.jpeg
0590_mucca.jpeg,mucca,OIP-K28m9VATR-Kw6BAeQNv9PgHaC8.jpeg
0591_farfalla.jpeg,farfalla,OIP-oA_QE81_zhYyuF_GyFxCmAAAAA.jpeg
0592_ragno.jpeg,ragno,OIP-xMqu3JUMKGCioLQpYeEdDAHaE9.jpeg
0593_gallina.jpeg,gallina,OIP-wGe3rDh1nLzzYPHoxZAQlwHaJ3.jpeg
0594_farfalla.jpeg,farfalla,OIP-1hw0LHZoBJwcwqQWXnRekQHaEo.jpeg
0595_gallina.jpeg,gallina,339.jpeg
0596_ragno.jpeg,ragno,OIP-qYSPZG5DaNgEcQTE7EQArQHaG4.jpeg
0597_farfalla.jpeg,farfalla,OIP-b6t-Ex39DlqGUYZcXDZhVAHaHT.jpeg
0598_pecora.jpeg,pecora,OIP-Fg4C8CckgE8tiDH7rk4YCwHaE8.jpeg
0599_cane.jpeg,cane,OIP-aG1w0OIhwT_rtvmo9NNb_QHaFj.jpeg
0600_cavallo.jpeg,cavallo,OIP-JbUEJF3PUiyNROu8B7HA8QHaGH.jpeg
0601_gallina.jpeg,gallina,OIP-WehJfzY92ekV4IFgsT8FiQHaFj.jpeg
0602_ragno.jpeg,ragno,OIP-r0wWNbLbL_GpB8Ta4GfrYwHaE8.jpeg
0603_gallina.jpeg,gallina,OIP-9ERc6DGFRuYo33sENwBM6gAAAA.jpeg
0604_ragno.jpeg,ragno,OIP-CODA18ls4LN8vsa0eR9FoAAAAA.jpeg
0605_scoiattolo.jpeg,scoiattolo,OIP-uNWoWgwKRNS9I52B2XtcogHaEK.jpeg
0606_cavallo.jpeg,cavallo,OIP-xuSE7c8cHRVtfr9o5eSl3AHaNJ.jpeg
0607_ragno.jpeg,ragno,OIP-By9x3i1NYzds6X6Pzx6xKgHaFU.jpeg
0608_pecora.jpeg,pecora,OIP-thKCEF7KcIaquT8Smu2TfwHaFj.jpeg
0609_farfalla.jpeg,farfalla,OIP-hx9TQ6l3pksYT5Ub3bhwVQHaE8.jpeg
0610_gallina.jpeg,gallina,OIP-srjYtCkDtDFP6NDkOhzmUgHaI6.jpeg
0611_pecora.jpg,pecora,ea35b8072ff1043ed1584d05fb1d4e9fe777ead218ac104497f5c978a6ebb3bf_640.jpg
0612_cane.jpeg,cane,OIP-eouFfNViGx0kRDO8ShrJRgEgDY.jpeg
0613_farfalla.jpg,farfalla,ea34b3082bf7073ed1584d05fb1d4e9fe777ead218ac104497f5c97faeebb5bb_640.jpg
0614_farfalla.jpeg,farfalla,OIP-wmFTsniolVN8DJ2UlypK1AHaE8.jpeg
0615_cavallo.jpeg,cavallo,OIP-rdUf6gbUoS4rlygBxwpdtAHaEK.jpeg
0616_gallina.jpeg,gallina,OIP-AtcOQKPtxeFn6gJQPD_mmgHaEc.jpeg
0617_scoiattolo.jpeg,scoiattolo,OIP-EODQJJTRzrIXClEPWS6xLwHaF7.jpeg
0618_pecora.jpeg,pecora,OIP-O74xZx4h8Ngk1U1VobuA8wHaDe.jpeg
0619_ragno.jpeg,ragno,OIP-Ax5j9vtg6LeaZhBfEut81gAAAA.jpeg
0620_ragno.jpeg,ragno,OIP-JlEfGU65Q6cWktqHl56KJAHaGi.jpeg
0621_farfalla.jpg,farfalla,ea37b1082bfc093ed1584d05fb1d4e9fe777ead218ac104497f5c97faee9bdba_640.jpg
0622_gatto.jpg,gatto,ea36b00f2ffd083ed1584d05fb1d4e9fe777ead218ac104497f5c978a7ebb0bb_640.jpg
0623_gatto.jpeg,gatto,137.jpeg
0624_gatto.jpeg,gatto,784.jpeg
0625_ragno.jpeg,ragno,OIP-D1SK-9xHDPP_ZNMrdVPS9AHaGx.jpeg
0626_cavallo.jpeg,cavallo,OIP-9COCmTcGrEeSDlUe2ItoyQHaFj.jpeg
0627_mucca.jpeg,mucca,OIP-u1OJkTOdJw-in-LevqHMCAHaFj.jpeg
0628_gatto.jpeg,gatto,1822.jpeg
0629_scoiattolo.jpeg,scoiattolo,OIP-zp2D7FAPeubKw4S1WChEfQHaEo.jpeg
0630_scoiattolo.jpeg,scoiattolo,OIP-QfErVP1nQGPruTtHXlcZ9AHaE8.jpeg
0631_ragno.jpeg,ragno,OIP-bCy7cqSpO7jq3DsNqQgMUgHaEK.jpeg
0632_cavallo.jpeg,cavallo,OIP-ToL9L7IPrhuwJtRNIXM92wHaE7.jpeg
0633_ragno.jpeg,ragno,OIP-K1_2iGYCFMj3SKkzgIRE7QAAAA.jpeg
0634_cane.jpeg,cane,OIP-VkiRr2o_2S1ZN4fy9aDH3gDYEg.jpeg
0635_farfalla.jpeg,farfalla,OIP-BNiev0VvCZhj3J5AuGacSQHaFc.jpeg
0636_mucca.jpeg,mucca,OIP-n-oNaysNdhwIygkCnMQ1IQAAAA.jpeg
0637_ragno.jpeg,ragno,OIP-JOPn-cWBoo80dZBUG6m42gHaE_.jpeg
0638_ragno.jpeg,ragno,OIP-JSiO56lEMfelcQicorvqcAHaFU.jpeg
0639_ragno.jpeg,ragno,OIP-5f1p7hDgSCJV_dpeBFAWlwHaFQ.jpeg
0640_farfalla.jpg,farfalla,ea37b0082bf0093ed1584d05fb1d4e9fe777ead218ac104497f5c97faee8b1b8_640.jpg
0641_cane.jpeg,cane,OIP-z-1iuYXizpdFzQR0H0CoAgHaFj.jpeg
0642_scoiattolo.jpeg,scoiattolo,OIP-ri75PruMRIFL7UY7YqAEbgHaFL.jpeg
0643_elefante.jpeg,elefante,OIP-AFNmTN_C0pIy3PFlvnrdmgHaE8.jpeg
0644_ragno.jpeg,ragno,OIP-fytyFTcnUCqD-z1t96O7GgHaFS.jpeg
0645_farfalla.jpeg,farfalla,OIP-ahHxCkPxpGPej6AbInw8HwAAAA.jpeg
0646_cavallo.jpeg,cavallo,OIP-a2mZuWtJbYw7IFs1s8BkBgHaHP.jpeg
0647_cavallo.jpeg,cavallo,OIP-F2OgkgjzAFbktt30REhnBQAAAA.jpeg
0648_cane.jpeg,cane,OIP-2lZ0XcVxVewKz5hHRBbM0gHaID.jpeg
0649_cane.jpeg,cane,OIP-4pDoIw8CIERmrEe7wDNOOQHaIp.jpeg
0650_cane.jpeg,cane,OIP-0Nllmx9DYctF9QAOC-QRiwHaEp.jpeg
0651_elefante.jpeg,elefante,OIP-iVVzTkIATPVy0dhzj3FhBQAAAA.jpeg
0652_gatto.jpeg,gatto,47.jpeg
0653_ragno.jpeg,ragno,OIP-SeP24jITiXU8pq3aqmmg6gHaE6.jpeg
0654_scoiattolo.jpeg,scoiattolo,OIP-6A6SpPbz_YUI4ElMo-UhuQHaE8.jpeg
0655_cane.jpeg,cane,OIP-oPTR6_H30iNWKYzlecuSGgHaGc.jpeg
0656_gatto.jpeg,gatto,382.jpeg
0657_gallina.jpeg,gallina,OIP-f9QxPaobshccdQyRj8nv_gHaE9.jpeg
0658_ragno.jpeg,ragno,OIP-ljkR1VLXcnuIAhaFjOSlggHaM4.jpeg
0659_pecora.jpeg,pecora,OIP-QFqLTuDT_JXleLz98j6W3QHaFj.jpeg
0660_cavallo.jpeg,cavallo,OIP-xerHphSDlAQyChF1uj6KLwHaHZ.jpeg
0661_ragno.jpg,ragno,ed35b20a2ff41c22d2524518b7444f92e37fe5d404b0144390f8c47ba7ebb0_640.jpg
0662_ragno.jpeg,ragno,OIP-J5Pl7Mhc2Rf0MgUOyxHkrAHaE8.jpeg
0663_gallina.jpeg,gallina,OIP-6S0q7VFLiRLS8SL6mVr7hAHaJU.jpeg
0664_mucca.jpeg,mucca,OIP-HLziK1nINUzYObj-2XOJewAAAA.jpeg
0665_gallina.jpeg,gallina,688.jpeg
0666_elefante.jpeg,elefante,OIP-2AU6PLLdqNaNkitGlWi2LgHaFj.jpeg
0667_cane.jpeg,cane,OIP--DqSseJFuaBH5t89CubEwAHaE8.jpeg
0668_ragno.jpeg,ragno,OIP-MmoKpEIgWJOoQZux8LtrcgHaGd.jpeg
0669_ragno.jpeg,ragno,OIP-Hk0HBAP08q1hcJB6PPhvjQHaE8.jpeg
0670_cane.jpeg,cane,OIP-NHLANcCMYKeS9-J8tDpI3gAAAA.jpeg
0671_scoiattolo.jpeg,scoiattolo,OIP-t8_D9KMzWl1Txrv47uVDggHaE7.jpeg
0672_scoiattolo.jpeg,scoiattolo,OIP-V4SSQ1GDZyjQ-JzlOxjCHwHaGP.jpeg
0673_cane.jpeg,cane,OIP-fb0v-C5iLpNP-BD4lgIhYAHaHc.jpeg
0674_scoiattolo.jpeg,scoiattolo,OIP-lNPHFrxihKUjGVLgJz6v1wHaEK.jpeg
0675_gallina.jpeg,gallina,OIP-vi4bG9uM92_F0K9r6YgmrwHaFj.jpeg
0676_cavallo.jpeg,cavallo,OIP-hGekwy523NUOxIVA3hULbwHaFi.jpeg
0677_cavallo.jpeg,cavallo,OIP-rZiT-Iy7wu27jtmcaiJIDQHaF8.jpeg
0678_ragno.jpeg,ragno,OIP-FuFq85L51hrmOFov99cmnAEMEs.jpeg
0679_mucca.jpeg,mucca,OIP-ct9c4ZBt4p4ZRKG41ZnbJwHaE6.jpeg
0680_gatto.jpeg,gatto,76.jpeg
0681_cane.jpeg,cane,OIP-v-BomTTb__T-rnAWdzOl_QHaFj.jpeg
0682_pecora.jpeg,pecora,OIP-X9Ug7k486qRHdS_oNaDuEAHaE9.jpeg
0683_elefante.jpeg,elefante,OIP-I0m76fAeO_CSZW-R6tii_gHaEK.jpeg
0684_cane.jpeg,cane,OIP-gOBIeFStdM36ImznYmZzyAHaGT.jpeg
0685_gatto.jpeg,gatto,648.jpeg
0686_cane.jpeg,cane,OIP-TRwam41BrAp9wcArL5KRLgHaFj.jpeg
0687_gatto.jpeg,gatto,1328.jpeg
0688_ragno.jpeg,ragno,OIP-sLX4TunMeYfbyIlifnxcIQHaE3.jpeg
0689_mucca.jpeg,mucca,OIP-4cZcHa9UwZBikCKJemsDnQHaGH.jpeg
0690_pecora.jpeg,pecora,OIP-MR2E0qp_0wHbwDuD-NrShAHaF4.jpeg
0691_ragno.jpeg,ragno,OIP-dDXcKDHyP95guHx3t3ya2wHaHa.jpeg
0692_farfalla.jpeg,farfalla,OIP-GSVk4n8uuaQVJFv_oib0JwHaFj.jpeg
0693_gatto.jpeg,gatto,920.jpeg
0694_ragno.jpeg,ragno,OIP-D0FUBGtPtgihInwgkgO9JgHaED.jpeg
0695_ragno.jpeg,ragno,OIP-_7WYWxQJB2hxKgz3yWs3JgHaFS.jpeg
0696_mucca.jpeg,mucca,OIP-UW427AZohpr9zGXvdoLXFwHaEo.jpeg
0697_gallina.jpeg,gallina,OIP-0wTugGhp4MsDuNrrIGwEswHaEK.jpeg
0698_pecora.jpg,pecora,ea34b60c29fd033ed1584d05fb1d4e9fe777ead218ac104497f5c978a6e8b0b1_640.jpg
0699_gatto.jpeg,gatto,1057.jpeg
0700_cavallo.jpeg,cavallo,OIP-rK8v2hYz272Cw-whKB1NeAEsDw.jpeg
0701_scoiattolo.jpeg,scoiattolo,OIP-UWTqfhtUP7inVayg08by1QHaD4.jpeg
0702_gatto.jpeg,gatto,888.jpeg
0703_gatto.jpeg,gatto,153.jpeg
0704_elefante.jpeg,elefante,OIP-x3j4dh5yqBXjD-hhy3UiZAHaEK.jpeg
0705_scoiattolo.jpeg,scoiattolo,OIP-P5DM6QGaeI7ihKMBHrqEgwHaFT.jpeg
0706_elefante.jpg,elefante,e83db30d2ef7073ed1584d05fb1d4e9fe777ead218ac104497f5c978a4efb4bb_640.jpg
0707_ragno.jpeg,ragno,OIP-0zJcREmlEcHE40oybscACAHaE7.jpeg
0708_farfalla.jpeg,farfalla,OIP-mF1Lgz6MzMKNP5lsEF1kWAHaE8.jpeg
0709_scoiattolo.jpeg,scoiattolo,OIP--AAQXm1r1q9pQFMH6vjkhwHaFk.jpeg
0710_mucca.jpeg,mucca,OIP-MCW7-Sx3KUR2oJNYDoaLSgEsDq.jpeg
0711_mucca.jpeg,mucca,OIP-gnPCBS-zzonTLKJg5RFAygAAAA.jpeg
0712_ragno.jpeg,ragno,OIP-PQgtCHsA1XD0FQOyku5zPwHaE4.jpeg
0713_elefante.jpeg,elefante,OIP-W-dMOBlE3qr2-cPoquMYdwAAAA.jpeg
0714_farfalla.jpg,farfalla,ea36b10b2df3023ed1584d05fb1d4e9fe777ead218ac104497f5c97faee9bdba_640.jpg
0715_gatto.jpeg,gatto,159.jpeg
0716_cane.jpeg,cane,OIP-8z546_Clw-iatfo29nBjPQHaJ4.jpeg
0717_ragno.jpeg,ragno,OIP-C1UqDB3BsatfF9CpcHvsBAHaE7.jpeg
0718_farfalla.jpeg,farfalla,OIP--3xxJkezSkNzxrQaxlhv-QHaHa.jpeg
0719_elefante.jpeg,elefante,OIP-8OBZGViwjUdPgnzJIpuIhQHaFj.jpeg
0720_elefante.jpeg,elefante,OIP-VtLBDVc5P3IcXYPp9YLHwQHaE8.jpeg
0721_farfalla.jpeg,farfalla,OIP-5-DJo6pyZizGfIPRN1yffgHaFq.jpeg
0722_farfalla.jpeg,farfalla,OIP-xHknkDe-4LWBnPVffyA6MQHaFY.jpeg
0723_pecora.jpg,pecora,e836b20a2cfc073ed1584d05fb1d4e9fe777ead218ac104497f5c978a6eab2b0_640.jpg
0724_cane.jpeg,cane,OIP-DLOqiyGcaqcbjoisNQwCGwHaFE.jpeg
0725_cane.jpeg,cane,OIP-1w42QLuCwgQftnco1Qzb4gHaFu.jpeg
0726_cavallo.jpeg,cavallo,OIP-hjpRYONr863Jo_jUUCmZ0AHaGQ.jpeg
0727_elefante.jpeg,elefante,OIP-mUO3DecivQqJLRDJEQUkbQHaE8.jpeg
0728_gallina.jpeg,gallina,872.jpeg
0729_ragno.jpeg,ragno,OIP-3cXZ9i6hjYzO-8iRRwjEMgEsDE.jpeg
0730_cavallo.jpeg,cavallo,OIP-rT5lMsGpVHnoLtt27ZoAeAHaFm.jpeg
0731_ragno.jpeg,ragno,OIP-y7eRU8dmEkkARWCgsfcB8gHaE7.jpeg
0732_cavallo.jpeg,cavallo,OIP-_TyIyGZkPBq7ri8-heMnswHaF7.jpeg
0733_cane.jpeg,cane,OIP-Cp3JXmduUHWUNkwGo8r-KgHaH5.jpeg
0734_gallina.jpeg,gallina,574.jpeg
0735_gallina.jpeg,gallina,855.jpeg
0736_farfalla.jpeg,farfalla,OIP-Fe73nq_sccXpiogxPQwRUgHaE9.jpeg
0737_pecora.jpeg,pecora,OIP-oRoEHRJafHVgndnlljcakQHaFj.jpeg
0738_gatto.jpeg,gatto,1301.jpeg
0739_gallina.jpeg,gallina,OIP-3VbNxrpYtvpir_eD7pwKGQHaHa.jpeg
0740_cane.jpeg,cane,OIP-Pvcf6LL65dsJ1jV9JkfHNQHaE7.jpeg
0741_cavallo.jpeg,cavallo,OIP-k_83greoExWT_5onC2Zt8AHaE8.jpeg
0742_gallina.jpeg,gallina,OIP-JZDXP7Wb_Aex6nsEW2a9eAHaFj.jpeg
0743_gallina.jpeg,gallina,OIP--uQSzpknzyc9wjEY88BW3AHaFj.jpeg
0744_scoiattolo.jpeg,scoiattolo,OIP-0TCkBoMQem21wk5x2_ShnQHaFj.jpeg
0745_pecora.jpeg,pecora,OIP-79F8q5DllpUIUeVWk0lDMgHaE8.jpeg
0746_ragno.jpeg,ragno,OIP-MM41xzjWNxVzuMWYDKhvlwHaE6.jpeg
0747_cane.jpeg,cane,OIP-wugDSDO8WeX1n_biW-gyHAHaF7.jpeg
0748_scoiattolo.jpeg,scoiattolo,OIP-hBa10uftyUyjDjduNFZwTQAAAA.jpeg
0749_pecora.jpeg,pecora,OIP-TWJprbBI0q9Y_64wEaUhIAHaEq.jpeg
0750_gallina.jpeg,gallina,OIP-IgS2yX9tugb-0bwhbjKSmwHaFj.jpeg
0751_gatto.jpeg,gatto,1363.jpeg
0752_cane.jpeg,cane,OIP-NUY2fjRZfCpfcBUSK08WTwHaJ3.jpeg
0753_gallina.jpeg,gallina,OIP-xRvRC9DO-CYTfYdH_fovAQHaFj.jpeg
0754_farfalla.jpg,farfalla,e831b00c2ef3093ed1584d05fb1d4e9fe777ead218ac104497f5c97faee9bdba_640.jpg
0755_scoiattolo.jpeg,scoiattolo,OIP-blr_MnWCJFN9XCyyNq0o_QHaJ4.jpeg
0756_gallina.jpeg,gallina,OIP-6C5L5Jh7z-dBXB3156mwXQHaHp.jpeg
0757_gallina.jpeg,gallina,OIP-OZ9O6F3LSb1-qb_WvbucJQHaFO.jpeg
0758_mucca.jpeg,mucca,OIP-N9qHRe6mrPJ_ZvJvkcQgLQHaEI.jpeg
0759_scoiattolo.jpeg,scoiattolo,OIP-1pK_piy_IfX78Logxs8QBwHaEc.jpeg
0760_ragno.jpeg,ragno,OIP-r0JrbKbNV1IQjVAvVy9MwAHaE7.jpeg
0761_pecora.jpeg,pecora,OIP-TJZZpc25AQkEOtn-RR1s_QHaFB.jpeg
0762_ragno.jpeg,ragno,OIP-c1RzmmBxAkn2N7pYxxtONwHaEK.jpeg
0763_cavallo.jpeg,cavallo,OIP-p8o7y_T3D00yPh28csp1rAHaFk.jpeg
0764_mucca.jpeg,mucca,OIP-0SwWnZTgIxQGLEKAqkSrdwHaFc.jpeg
0765_cavallo.jpeg,cavallo,OIP-9CEVYAr6AwXT2kxvf2DiDgHaFl.jpeg
0766_farfalla.jpeg,farfalla,OIP-Fg-sywOKG13FeYK5fP_k1AEsDO.jpeg
0767_gatto.jpg,gatto,ea34b90c2ff7003ed1584d05fb1d4e9fe777ead218ac104497f5c978a7e8b7bc_640.jpg
0768_cane.jpeg,cane,OIP-HaFY-RNN39L4pAVFY31AAwHaFZ.jpeg
0769_gallina.jpeg,gallina,OIP-mkIy4zg8611Ij8a5Mkq0ZgHaGF.jpeg
0770_farfalla.jpeg,farfalla,OIP-mY9k6tLbM2yac2u7nioAFgHaEn.jpeg
0771_ragno.jpeg,ragno,OIP-MIElc92BE5n30Fkka2cYgAHaGi.jpeg
0772_ragno.jpeg,ragno,OIP-X1AH4cGy1z5RD2P8uX8fqgHaEg.jpeg
0773_scoiattolo.jpeg,scoiattolo,OIP-Yzl3jUFdXce31xAlj4VcHAHaE8.jpeg
0774_gallina.jpeg,gallina,OIP-X_i32VmBmdWZDYmMVmOmFAHaE6.jpeg
0775_ragno.jpeg,ragno,OIP-bWO7O-SfIy7VCcfOGOcDgAHaFu.jpeg
0776_cavallo.jpeg,cavallo,OIP-ldET-m9m45z0vVvA6QsReAHaFj.jpeg
0777_gatto.jpeg,gatto,1280.jpeg
0778_cane.jpeg,cane,OIP-HNgX551-uEPTvJqC_5LhfwHaJw.jpeg
0779_ragno.jpg,ragno,ea35b70c2af6053ed1584d05fb1d4e9fe777ead218ac104497f5c97ca5ecb5b1_640.jpg
0780_cane.jpeg,cane,OIP-PAocXRY3Qiz83i9rygD2sQHaGL.jpeg
0781_gallina.jpeg,gallina,OIP-Wn-u1R3USgv0GN-mMkzvMQHaFj.jpeg
0782_pecora.jpeg,pecora,OIP-y1p9YOHKaBS1ULUnykxztAHaE8.jpeg
0783_pecora.jpeg,pecora,OIP-EaC6MBx3H7DirgTGVQxPeAHaFY.jpeg
0784_ragno.jpeg,ragno,OIP-aa2dBuqxlUlsWIUGqEsEMAHaE6.jpeg
0785_cane.jpeg,cane,OIP-eU11eNt2T-p67xIjyjMzNwHaHp.jpeg
0786_cane.jpeg,cane,OIP-bjgDNEQGZ9Hrdx9Kx0-5AQAAAA.jpeg
0787_ragno.jpg,ragno,eb32b20c2dfc083ed1584d05fb1d4e9fe777ead218ac104497f5c97ca5ecb5b1_640.jpg
0788_gallina.jpeg,gallina,OIP-MEcf57GbLpSDJLsvs2mHPQHaDJ.jpeg
0789_cane.jpeg,cane,OIP-s4ZREMDAaPCD8LV5J5LROAHaGn.jpeg
0790_gatto.jpg,gatto,ea36b1082cf4063ed1584d05fb1d4e9fe777ead218ac104497f5c978a7eebdbb_640.jpg
0791_cavallo.jpeg,cavallo,OIP-N_4Dx4Y_6CJ1INXmLAXowAHaFJ.jpeg
0792_cane.jpeg,cane,OIP-_3S-iEDMQnko7ZHgq_FTcwHaEL.jpeg
0793_elefante.jpeg,elefante,OIP-xqs1Rb6Eki7e_zVEqKVcbgHaHB.jpeg
0794_gallina.jpeg,gallina,OIP-b3OVM5sQs3NX9ZqvZTejuwHaEN.jpeg
0795_farfalla.jpg,farfalla,ea33b20c2cf61c22d2524518b7444f92e37fe5d404b0144390f8c770a3e5b7_640.jpg
0796_cavallo.jpeg,cavallo,OIP-kyNtkhDYZz3zDaVUtP0tPAHaFj.jpeg
0797_gatto.jpg,gatto,ea37b90f2df6073ed1584d05fb1d4e9fe777ead218ac104497f5c978a7ebb0bb_640.jpg
0798_farfalla.jpg,farfalla,e83db70d28f31c22d2524518b7444f92e37fe5d404b0144390f8c770a2e9b5_640.jpg
0799_gallina.jpeg,gallina,OIP-JAn1dgojk32L4kYll-brEQHaHa.jpeg
0800_scoiattolo.jpeg,scoiattolo,OIP-wb4cZTASzAO5PEVt0K4tkAHaFL.jpeg
0801_farfalla.jpg,farfalla,ea36b00a28f1043ed1584d05fb1d4e9fe777ead218ac104497f5c97faee9bdba_640.jpg
0802_scoiattolo.jpeg,scoiattolo,OIP-dPM87HRFwSRUoLx6LTrXTwAAAA.jpeg
0803_gallina.jpeg,gallina,OIP-HoXwdHRk6CRpcap91dWo4ADYEg.jpeg
0804_elefante.jpg,elefante,e83cb10f2bf7033ed1584d05fb1d4e9fe777ead218ac104497f5c978a4efb4bb_640.jpg
0805_cane.jpeg,cane,OIP-CL4u8Q3nDUGeHDuYgVc04QHaEK.jpeg
0806_gatto.jpeg,gatto,1324.jpeg
0807_cane.jpeg,cane,OIP-_spWp421K4axml9mvCNbyAHaHa.jpeg
0808_scoiattolo.jpeg,scoiattolo,OIP-LSOR11itNcOy0CYxwqtnywHaFj.jpeg
0809_mucca.jpeg,mucca,OIP-DEtTfgxyHIYHpTiE1DwUFAHaEK.jpeg
0810_cane.jpeg,cane,OIP-Bg5xAfVLTiMnbPpHQ0X2CQHaE5.jpeg
0811_gallina.jpeg,gallina,OIP-4Iogz6K290RKMhaSxPkLCwAAAA.jpeg
0812_cavallo.jpeg,cavallo,OIP-bN5XXPewt2hlfTnxcOfswwHaEK.jpeg
0813_ragno.jpeg,ragno,OIP-Vv86BlTTeNhGaEu-3xoCXQHaE7.jpeg
0814_cane.jpeg,cane,OIP-5BjM-bq7ytNGVhMv83ap-AHaFj.jpeg
0815_scoiattolo.jpeg,scoiattolo,OIP-m_5utNQ4aBPpCkum5Osu0gHaE8.jpeg
0816_ragno.jpeg,ragno,OIP-s8DOf2zn9_DKTrWHV6-kKwHaFI.jpeg
0817_cane.jpeg,cane,OIP-UM5taQtGe28etsT8m-YwTgHaEN.jpeg
0818_scoiattolo.jpeg,scoiattolo,OIP-es7sUHjSOjqkXrqs2nMhwwHaFj.jpeg
0819_cane.jpeg,cane,OIP-lEEUajFQFdMR3xULjr6OswHaJ7.jpeg
0820_elefante.jpeg,elefante,OIP-nsZlsmK3yPWRgyETZhqCnQHaE7.jpeg
0821_cavallo.jpeg,cavallo,OIP-z3SZZn87Ayq-_9E5w_SOxwHaE1.jpeg
0822_cane.jpeg,cane,OIP-7zSMjPJ5R2umgCVSg4P1QwHaFj.jpeg
0823_ragno.jpeg,ragno,OIP-zXOKqk0FPybf0s_7De3mMAHaE7.jpeg
0824_cavallo.jpeg,cavallo,OIP-z38CWRo5wbLDejXH884hpAAAAA.jpeg
0825_elefante.jpg,elefante,ea35b20620f3053ed1584d05fb1d4e9fe777ead218ac104497f5c978a4efbcb0_640.jpg
0826_cane.jpeg,cane,OIP-pTvPYXBqScPEX65Ka-J79wHaF5.jpeg
0827_gatto.jpg,gatto,ea37b90f2df0033ed1584d05fb1d4e9fe777ead218ac104497f5c978a7ebb0bb_640.jpg
0828_ragno.jpeg,ragno,OIP-d3SUHKgjK3qmFWexr3bb5AHaE6.jpeg
0829_cane.jpeg,cane,OIP-4E0_SSqhIcJfVgESa6qHMQHaE8.jpeg
0830_pecora.jpeg,pecora,OIP-g-r0jrWXywXobFX1y2AKDAHaEl.jpeg
0831_cavallo.jpeg,cavallo,OIP-nPMsS3w2WpMC-JGOpneKZwHaFk.jpeg
0832_gatto.jpeg,gatto,1311.jpeg
0833_ragno.jpeg,ragno,OIP-Xs4VJaimKlGSYynrkjYJ1gHaFj.jpeg
0834_elefante.jpg,elefante,e83db60c2cf7083ed1584d05fb1d4e9fe777ead218ac104497f5c978a4efb4bb_640.jpg
0835_scoiattolo.jpeg,scoiattolo,OIP-fv2mP-Ba72CxrHW9a1X-fAHaEK.jpeg
0836_gallina.jpeg,gallina,OIP-TfKeJ4UOmXgKSRwrs3mVyAHaHa.jpeg
0837_cavallo.jpeg,cavallo,OIP-iR331DWqAoHzHDD3pPdRlQDHEs.jpeg
0838_ragno.jpeg,ragno,OIP-SDEwJDQoaMFRTrH1NYL7ngHaHa.jpeg
0839_ragno.jpeg,ragno,OIP-PjtuvhWIg1aNMkBBtxboyAHaFj.jpeg
0840_scoiattolo.jpeg,scoiattolo,OIP-mKNTn4URJfhZJODzY_0DqAHaFc.jpeg
0841_ragno.jpeg,ragno,OIP-gHTRUkGF7pG9pz5K7aE-JwHaHO.jpeg
0842_scoiattolo.jpeg,scoiattolo,OIP-hn5H2xq7MF2-f2IB-nUdQQAAAA.jpeg
0843_cavallo.jpeg,cavallo,OIP-BUP7Yk8m_Okyy7kUWZfktgHaFy.jpeg
0844_farfalla.jpeg,farfalla,OIP-944Cj0_0VTBgX_2BSzsllgHaGJ.jpeg
0845_pecora.jpeg,pecora,OIP-FL7_BHGO3AWGHOA9nh-iXQHaFj.jpeg
0846_cane.jpeg,cane,OIP-JY8o4ThtrD5ZbEi0-l1QnQHaHa.jpeg
0847_farfalla.jpeg,farfalla,OIP-A38YzTz7N5adHOqPNsu9VgHaEd.jpeg
0848_pecora.jpg,pecora,ea37b10720f3083ed1584d05fb1d4e9fe777ead218ac104497f5c978a6e8b0b1_640.jpg
0849_ragno.jpeg,ragno,OIP-vYC4fCQzaHzFytB-eYr5iAHaFj.jpeg
0850_gallina.jpeg,gallina,OIP-HmR--cUd3UXQgsCxfKc8HAHaJ4.jpeg
0851_gallina.jpeg,gallina,OIP-DqJKXOcYaCsXSmHxBJkFlAHaG_.jpeg
0852_ragno.jpeg,ragno,OIP-vgLbi7iiZc2lZMaQyYFvUgHaLF.jpeg
0853_cavallo.jpeg,cavallo,OIP-HdFvXE5BxckSdbb2PLTXuwHaF7.jpeg
0854_cane.jpeg,cane,OIP-MbstFw7XZ0dwOoTrkQuSkwHaFE.jpeg
0855_pecora.jpeg,pecora,OIP-fxyA24lhqK6UkxhI9y_kHgHaE7.jpeg
0856_ragno.jpeg,ragno,OIP-IOrM5wpArqvHwvw-aIE7tQHaFw.jpeg
0857_ragno.jpeg,ragno,OIP-1g_YHcygIZpObSBOBc-17gEsDh.jpeg
0858_elefante.jpeg,elefante,OIP-A-UoGyXXDs2eNtfC8_YGsAHaEK.jpeg
0859_cane.jpeg,cane,OIP-vzkzyLM_yC7-0OBgSUAfiQHaDt.jpeg
0860_ragno.jpg,ragno,e83db0082ffc053ed1584d05fb1d4e9fe777ead218ac104497f5c97ca5ecb5b1_640.jpg
0861_scoiattolo.jpeg,scoiattolo,OIP-DxpY3cgvlO_SvTDdsjjvzgHaFd.jpeg
0862_farfalla.jpeg,farfalla,OIP-dpKvuGF9APZ6Yhpu7cebuAHaKH.jpeg
0863_ragno.jpeg,ragno,OIP-a7cgQyelrIALwHroEMTGVAHaLG.jpeg
0864_ragno.jpeg,ragno,OIP-EAdj8g0LKmohsporuwROcwHaE8.jpeg
0865_cane.jpeg,cane,OIP-hvR-M9Q6x7ABDf5ptJwKvAHaFj.jpeg
0866_scoiattolo.jpeg,scoiattolo,OIP-4B9ExPdOOaXaJVDGrfx6xQHaE8.jpeg
0867_pecora.jpeg,pecora,OIP-LjEU4xu1P77XdB2ZIVu8fAAAAA.jpeg
0868_scoiattolo.jpeg,scoiattolo,OIP-vR9CjSrpLdt_MCsyVhKY4QAAAA.jpeg
0869_cane.jpeg,cane,OIP-pDJ9LNgmeCGZ3ATpFC0HbQHaJ3.jpeg
0870_gallina.jpeg,gallina,OIP-II7gCX93GWDT2ZB8c_n_XgHaFc.jpeg
0871_mucca.jpeg,mucca,OIP-abZTDQCy9aIsSCNzdQmfcAHaCz.jpeg
0872_gallina.jpeg,gallina,OIP-6oDJu446jOOXi7r0oSkqxwHaD6.jpeg
0873_ragno.jpeg,ragno,OIP-w0vijq07AZjYt9hvdOsxcgHaD6.jpeg
0874_gallina.jpeg,gallina,OIP-ypb-bfB-DPRc7mYRWeBjIQHaF7.jpeg
0875_cane.jpeg,cane,OIP-s9y3FTCs5wEAFAuch9XDwgHaFj.jpeg
0876_mucca.jpeg,mucca,OIP-FtJF_xU79hw4UCbj7ITZLgHaFo.jpeg
0877_ragno.jpeg,ragno,OIP-BItIhf-TpXuutC3iEMZyuQHaE8.jpeg
0878_gallina.jpeg,gallina,OIP-yO0sqt-bee5i09WaHkH-qQHaFj.jpeg
0879_cane.jpeg,cane,OIP-ndw7kCHxcgGYcqJsPmfCvAHaFP.jpeg
0880_gallina.jpeg,gallina,OIP-fyROiwnu0XQ56tuVRInFWgHaE7.jpeg
0881_mucca.jpeg,mucca,OIP-5GqjXDbko5Ko2rQOUZCvYAHaE8.jpeg
0882_cane.jpeg,cane,OIP-8OMQ5pSMi_uv-Wc55V2iTwHaFj.jpeg
0883_gatto.jpeg,gatto,30.jpeg
0884_gallina.jpeg,gallina,932.jpeg
0885_ragno.jpeg,ragno,OIP-wwydM_nSjR4syjDzl3NV3AAAAA.jpeg
0886_gatto.jpeg,gatto,461.jpeg
0887_ragno.jpeg,ragno,OIP-b172XiGeTVIfzAv7KMw4EAHaJA.jpeg
0888_cavallo.jpeg,cavallo,OIP-G33UvkRbsB9nv0adk4-lfAHaFj.jpeg
0889_gatto.jpg,gatto,ee3cb70b2bf31c22d2524518b7444f92e37fe5d404b0144390f8c079a2efb1_640.jpg
0890_cavallo.jpeg,cavallo,OIP-pmwK6wAiX7fpYiBOo6W-5wHaHq.jpeg
0891_ragno.jpeg,ragno,OIP-bybknIDK1tErynE3oVjvvgHaE8.jpeg
0892_mucca.jpeg,mucca,OIP-JRUuHv6EDSnTQnvKwxt3UgHaE8.jpeg
0893_ragno.jpeg,ragno,OIP-E_2HjO-wLwMxWfbUJrGznQHaFj.jpeg
0894_elefante.jpeg,elefante,OIP-WgDGXWs8Q792l9klYY0OqgHaE8.jpeg
0895_ragno.jpeg,ragno,OIP-__HPppHyk7d0izZybMZ9bgAAAA.jpeg
0896_mucca.jpeg,mucca,OIP-LQZZYWKWWWJ2Hz71IATVKwHaF9.jpeg
0897_scoiattolo.jpeg,scoiattolo,OIP-I3q-c8HgcohQMwkdCAPi9QHaEK.jpeg
0898_mucca.jpeg,mucca,OIP-uhH5Zt-HzFAhESfIbno0pwAAAA.jpeg
0899_gatto.jpeg,gatto,1819.jpeg
0900_gatto.jpeg,gatto,1512.jpeg
0901_ragno.jpeg,ragno,OIP-7AKTEUD_QEmU9ZluGIaL6wHaKe.jpeg
0902_pecora.jpeg,pecora,OIP-TtLKMRLkd31KhB4KQ1XJkwHaF-.jpeg
0903_elefante.jpeg,elefante,OIP-SwxeT985A5TaqlIU9vPuDwHaEK.jpeg
0904_farfalla.jpg,farfalla,ea36b00828f6033ed1584d05fb1d4e9fe777ead218ac104497f5c97faee9bdba_640.jpg
0905_elefante.jpg,elefante,ea34b10c20f1033ed1584d05fb1d4e9fe777ead218ac104497f5c978a4efbcb0_640.jpg
0906_cane.jpeg,cane,OIP-a71bE-jGIymAvwNtclnjGAHaFj.jpeg
0907_farfalla.jpeg,farfalla,OIP-motNyANhJMq25AnS8n2BCQHaFP.jpeg
0908_gatto.jpg,gatto,ea37b60a2ef4073ed1584d05fb1d4e9fe777ead218ac104497f5c978a7ebb0bb_640.jpg
0909_elefante.jpeg,elefante,OIP-X9NXaENPWEcdseDGW2JTowHaE5.jpeg
0910_scoiattolo.jpeg,scoiattolo,OIP-63S575GTgZAADlAnyYrS1wHaE8.jpeg
0911_gatto.jpg,gatto,sarah-dorweiler-128578-unsplash.jpg
0912_pecora.jpeg,pecora,OIP-S-tvYqp63Xz5dgEJolHYnQHaGb.jpeg
0913_ragno.jpeg,ragno,OIP-oMtjbxfkXYd1nUtlbsI6jAHaHa.jpeg
0914_ragno.jpeg,ragno,OIP-w1CpIivfTR4DhAVW0q6aoAHaFj.jpeg
0915_farfalla.jpeg,farfalla,OIP-y7f97MUcG6cwDWljxiF8dAHaFo.jpeg
0916_cane.jpeg,cane,OIP-q80pHpRmPyqVQmVXMDsTmQAAAA.jpeg
0917_mucca.jpeg,mucca,OIP-EtuvWUtdXRltU_038gDhyAHaFg.jpeg
0918_farfalla.jpeg,farfalla,OIP-c-Y6hKg-ZMWLkiU0-40whQHaFj.jpeg
0919_cavallo.jpeg,cavallo,OIP-YNdsWHK2HcrkWmHMWSKxGwHaEt.jpeg
0920_mucca.jpeg,mucca,OIP-0d2QLvkmE5B7jysD1eqn2wHaE7.jpeg
0921_cavallo.jpeg,cavallo,OIP-KsKyqCMf5XWNz2PzgZoSGgHaFj.jpeg
0922_gallina.jpeg,gallina,OIP-JqCVCyW8o9518f21t2fMNgHaJM.jpeg
0923_scoiattolo.jpeg,scoiattolo,OIP-SZvt6vvjOJNlYwcuA5mXdQHaFj.jpeg
0924_elefante.jpeg,elefante,OIP--dFiPOerHYSGQMsd2OLrewHaEE.jpeg
0925_gallina.jpeg,gallina,OIP-whNtHfPV4y7SLCggLYyZxQHaEF.jpeg
0926_farfalla.jpg,farfalla,ea36b50b2ef3013ed1584d05fb1d4e9fe777ead218ac104497f5c97faee8b1b8_640.jpg
0927_ragno.jpeg,ragno,OIP-mPk9Qfsp5jivGK_MXXmwvwHaE8.jpeg
0928_ragno.jpeg,ragno,OIP-iN0XRAVvGMVxulxjIdpa0AHaLE.jpeg
0929_farfalla.jpeg,farfalla,OIP-_tTQDEB9PfeO9CQ5BaomxgHaFj.jpeg
0930_pecora.jpeg,pecora,OIP-9e6qXtwDDUo_wkv0m6WXPwHaKJ.jpeg
0931_cane.jpeg,cane,OIP-3-bsJNPnXLIuhfjAgFQHoAHaGi.jpeg
0932_mucca.jpeg,mucca,OIP-mk0bAMlbYF_CggQ8z8nYlgHaHa.jpeg
0933_cavallo.jpeg,cavallo,OIP--ICjd6ds94Og8HgSRyk9pAAAAA.jpeg
0934_cane.jpeg,cane,OIP-I4UcGHdrvVR5FTy5EUTh7gAAAA.jpeg
0935_elefante.jpg,elefante,ea35b20a2bf7053ed1584d05fb1d4e9fe777ead218ac104497f5c978a4efbcb0_640.jpg
0936_ragno.jpeg,ragno,OIP-Ta4EK5VKkka_4yq5Tr_s6AHaE8.jpeg
0937_mucca.jpeg,mucca,OIP-qFAO3JnVwNquxoqRpP7R1AHaFU.jpeg
0938_pecora.jpeg,pecora,OIP-MaRyfXOoM-jJ4NbQjXysOAHaF6.jpeg
0939_scoiattolo.jpeg,scoiattolo,OIP-QT0MMl9PsQ6QIqBcN-gtVAHaE8.jpeg
0940_elefante.jpeg,elefante,OIP-VIDtUdrke8J0x7KMrM6iaAHaFj.jpeg
0941_ragno.jpeg,ragno,OIP-1mSZkNBuonekwx89zR0wOwHaFH.jpeg
0942_gatto.jpeg,gatto,915.jpeg
0943_ragno.jpg,ragno,ea36b40c29f4083ed1584d05fb1d4e9fe777ead218ac104497f5c97ca5edb3bd_640.jpg
0944_ragno.jpeg,ragno,OIP-YWQi5gFkKVAZznDojSPo1AHaE7.jpeg
0945_mucca.jpeg,mucca,OIP-idG_bAl7pFnmhvk5YOY4cQHaE8.jpeg
0946_gatto.jpg,gatto,ea36b20b28f2063ed1584d05fb1d4e9fe777ead218ac104497f5c978a7e8b7bc_640.jpg
0947_scoiattolo.jpeg,scoiattolo,OIP-zEF5uw6Km8yKjLpbi1EK0wHaEK.jpeg
0948_cane.jpeg,cane,OIP-qEzQEjpT0w9K9rrYtz9m4QHaFj.jpeg
0949_cane.jpeg,cane,OIP-7zZ4zCUyt2021hPuhZ1jhAHaFj.jpeg
0950_farfalla.jpeg,farfalla,OIP-t4Drnr1SpsO2Jh1mMWkGaQHaFh.jpeg
0951_cavallo.jpeg,cavallo,OIP-cmvcueJnirVBS6SO60WhMAHaFj.jpeg
0952_gallina.jpeg,gallina,OIP-adoM08nbXhIwoJV9tplJCAHaE8.jpeg
0953_ragno.jpeg,ragno,OIP-1faxe5kAqPZqI3nAcf7xlAHaGL.jpeg
0954_elefante.jpeg,elefante,OIP-dbJVax69JjxcOPWfyHtmdwHaGJ.jpeg
0955_farfalla.jpg,farfalla,ea36b10929fd083ed1584d05fb1d4e9fe777ead218ac104497f5c97faee8b1b8_640.jpg
0956_ragno.jpeg,ragno,OIP-hgpoJJRufizx8RAlere_CAHaEg.jpeg
0957_pecora.jpeg,pecora,OIP-HDufTfW-0SKGhQqkV6hutgHaE6.jpeg
0958_gallina.jpeg,gallina,OIP-RJlBmFMVrAT2acbti8GxoAHaGl.jpeg
0959_gatto.jpeg,gatto,1408.jpeg
0960_pecora.jpeg,pecora,OIP-pY7A8mB3-cCB5JayDew7gAHaGm.jpeg
0961_mucca.jpeg,mucca,OIP-oolgmQt4gXy9NBksS-86DAHaFj.jpeg
0962_gallina.jpeg,gallina,OIP-WTnRvEkrkJtoOgad0QDb_gEgDY.jpeg
0963_gallina.jpeg,gallina,OIP-OIc6uKm6_oyKd6XCNRDNUwAAAA.jpeg
0964_scoiattolo.jpeg,scoiattolo,OIP-79rLNXjENKDQotnKJoZUugHaGL.jpeg
0965_pecora.jpeg,pecora,OIP-M68GTy1uCeAaBdi_-nQQXgHaE8.jpeg
0966_farfalla.jpeg,farfalla,OIP-WNb7KKNAohHYYpnqjnJibgAAAA.jpeg
0967_gallina.jpeg,gallina,OIP-x-T0cc_QnQMYehCbCJF4QgHaFj.jpeg
0968_ragno.jpeg,ragno,OIP-4TXgDCKeTWVhvzu81qa2yAHaE6.jpeg
0969_gatto.jpg,gatto,erik-jan-leusink-561776-unsplash.jpg
0970_elefante.jpeg,elefante,OIP--wxpXf9kgp4ryj17aljk9gHaDy.jpeg
0971_farfalla.jpeg,farfalla,OIP-7ozkpbbMX5BmrDp6XQV-TgHaFq.jpeg
0972_elefante.jpeg,elefante,OIP-rX7HZz1rZZpiSs3XgPvl7wHaEo.jpeg
0973_elefante.jpeg,elefante,OIP-u4UtcXtKh6wtmrAcMsv6XwHaE4.jpeg
0974_cane.jpeg,cane,OIP-vNMTTo423b1b1P4Yd2QyuAHaEe.jpeg
0975_ragno.jpeg,ragno,OIP-x-NEa_XPJcfcN1Tz3j337QHaE9.jpeg
0976_cavallo.jpeg,cavallo,OIP-P-xDbclXqdgQHuxBB0VzAQAAAA.jpeg
0977_farfalla.jpeg,farfalla,OIP-chhe9ICXvOHcgjbIGzE1ngHaFj.jpeg
0978_cane.jpeg,cane,OIP-7eq19SpFkLy3zjNHfl1wrwHaIR.jpeg
0979_scoiattolo.jpeg,scoiattolo,OIP-l35c-pG7MZPq74CC1F2flAHaE8.jpeg
0980_mucca.jpeg,mucca,OIP-DkTYi8C0gG2dUCLQGKHBpgHaEK.jpeg
0981_scoiattolo.jpeg,scoiattolo,OIP-KxU6YLxM-sOpliMoHOiqJwHaGW.jpeg
0982_ragno.jpeg,ragno,OIP-S7tKog7Wzzbv4BCzZRxU-gHaE7.jpeg
0983_cavallo.jpeg,cavallo,OIP-jWi1zrIbHDCPf3tfCr_rWQHaI1.jpeg
0984_cavallo.jpeg,cavallo,OIP-oNCm5v4YI3pcIyGjJurmFAHaEz.jpeg
0985_cavallo.jpeg,cavallo,OIP-u8KR9dL_yN_UgXPChCn0-QAAAA.jpeg
0986_ragno.jpeg,ragno,OIP--CfZ7vJxy1LUVAoT9O1wTAHaE8.jpeg
0987_mucca.jpeg,mucca,OIP-twKvWm6W75TD7tZi_YkhpQAAAA.jpeg
0988_farfalla.jpeg,farfalla,OIP-mc0tYG6TQ9NEEQFVy04CNwHaFj.jpeg
0989_ragno.jpeg,ragno,OIP-z3YUw780WTCqYZwyy4hZUAHaFj.jpeg
0990_pecora.jpg,pecora,eb30b50c2bf0083ed1584d05fb1d4e9fe777ead218ac104497f5c978a6e8b0b1_640.jpg
0991_scoiattolo.jpeg,scoiattolo,OIP-hKwx9zo4opUszcqkxVEHHgHaFr.jpeg
0992_mucca.jpeg,mucca,OIP-lI-Puj2qQvZWKja8_MgMGQHaEZ.jpeg
0993_ragno.jpg,ragno,eb33b00d2bf6073ed1584d05fb1d4e9fe777ead218ac104497f5c97ca5ecb5b1_640.jpg
0994_farfalla.jpeg,farfalla,OIP-F50tHJTcnHcQ4mpzPrDZ7QHaIT.jpeg
0995_cane.jpeg,cane,OIP-jtaA90sG8SgzKkPfeXv8UwHaFj.jpeg
0996_cavallo.jpeg,cavallo,OIP-kdyzQuheeQddsp_BBS8Z0QHaE6.jpeg
0997_farfalla.jpg,farfalla,ea37b8062af6073ed1584d05fb1d4e9fe777ead218ac104497f5c97faee8b1b8_640.jpg
0998_cavallo.jpeg,cavallo,OIP-sivd0PCyOmsPDgzytVE4sQHaF6.jpeg
0999_gallina.jpeg,gallina,OIP-eOEQyn7dxsX2TX1_-jSnUAHaFj.jpeg
